"text","polarity"
"ينفخ","neg"
"نبذ","neg"
"يفتي","neg"
"يعرص","neg"
"تتشرد","neg"
"تخرب","neg"
"تسفل","neg"
"نباح","neg"
"يترب","neg"
"تشويهه","neg"
"نميمه","neg"
"تفتر","neg"
"يربوك","neg"
"تهدم","neg"
"تحزن","neg"
"محتل","neg"
"يخطئ","neg"
"يشتمو","neg"
"يتهجر","neg"
"تخين","neg"
"نايكاك","neg"
"تخونو","neg"
"يحرمو","neg"
"تتصاب","neg"
"تعورين","neg"
"تقاعص","neg"
"يخز","neg"
"تنقط","neg"
"نسي","neg"
"تستبيحو","neg"
"تعيط","neg"
"تشعل","neg"
"يتشل","neg"
"يذبح","neg"
"يحتج","neg"
"تحرق","neg"
"تفجير","neg"
"يستغيث","neg"
"يهمل","neg"
"يتمم","neg"
"نعدم","neg"
"يقبض","neg"
"يدمر","neg"
"نايب","neg"
"نترحم","neg"
"نقتص","neg"
"يكسرو","neg"
"يعورو","neg"
"تسخن","neg"
"ترتجف","neg"
"تلقن","neg"
"تعذب","neg"
"تعتقلع","neg"
"نسف","neg"
"يتحرق","neg"
"يخترق","neg"
"يحزن","neg"
"تجرو","neg"
"يمكر","neg"
"نشد","neg"
"يماطل","neg"
"ناهب","neg"
"تتهم","neg"
"تهييص","neg"
"تكلك","neg"
"تخون","neg"
"يقلعوك","neg"
"تستخف","neg"
"تخسر","neg"
"تشرذم","neg"
"نفاقك","neg"
"ينتقم","neg"
"يقتلو","neg"
"تستهبلوش","neg"
"تسرق","neg"
"تعجيز","neg"
"يعتقل","neg"
"تحذر","neg"
"تهين","neg"
"يرموك","neg"
"تمرد","neg"
"تنرفز","neg"
"كادب","neg"
"تسليح","neg"
"يتسلح","neg"
"تهيج","neg"
"تزهق","neg"
"تنضرب","neg"
"ندام","neg"
"نفضح","neg"
"تكسر","neg"
"ينبح","neg"
"تحرم","neg"
"قرف","neg"
"تهدد","neg"
"نهدد","neg"
"يحبس","neg"
"نحبس","neg"
"تغرق","neg"
"نغرق","neg"
"تضرب","neg"
"نضرب","neg"
"تتعدم","neg"
"نتعدم","neg"
"نلعن","neg"
"تغتصب","neg"
"نغتصب","neg"
"تصرخ","neg"
"نصرخ","neg"
"تشجب","neg"
"نشجب","neg"
"نخون","neg"
"تستغل","neg"
"نستغل","neg"
"نهين","neg"
"نعذب","neg"
"تتنيل","neg"
"يتنيل","neg"
"تنتنيل","neg"
"ننتنيل","neg"
"تغش","neg"
"نغش","neg"
"نكدب","neg"
"نعصب","neg"
"يواطء","neg"
"يخازل","neg"
"نخازل","neg"
"يخبط","neg"
"نخبط","neg"
"تتخطف","neg"
"نتخطف","neg"
"تسكت","neg"
"نهدم","neg"
"تسقط","neg"
"نسقط","neg"
"تدبحو","neg"
"ندبحو","neg"
"نخريب","neg"
"نقتل","neg"
"يكدس","neg"
"نكدس","neg"
"تستنزف","neg"
"يستنزف","neg"
"يهرب","neg"
"نهرب","neg"
"تغور","neg"
"نغور","neg"
"نتهان","neg"
"تفضح","neg"
"تعتفر","neg"
"تنهزم","neg"
"ينهزم","neg"
"نتشتم","neg"
"يولع","neg"
"نولع","neg"
"نحرق","neg"
"تعل","neg"
"تشل","neg"
"نشل","neg"
"تطغ","neg"
"نطغ","neg"
"يكذبو","neg"
"نكذبو","neg"
"نعيط","neg"
"يحرم","neg"
"يخاف","neg"
"نخاف","neg"
"يتفنن","neg"
"ينسا","neg"
"يخلف","neg"
"نخلف","neg"
"يهزيء","neg"
"نهزيء","neg"
"يريق","neg"
"نريق","neg"
"ترعب","neg"
"نرعب","neg"
"تزلزل","neg"
"نزلزل","neg"
"يشتت","neg"
"نشتت","neg"
"نهيج","neg"
"تكر","neg"
"يكر","neg"
"تتحبسوا","neg"
"نتحبسو","neg"
"تتعذب","neg"
"نتعذب","neg"
"تنس","neg"
"تهرتل","neg"
"تشتموك","neg"
"نشتموك","neg"
"تتعر","neg"
"يتعر","neg"
"ينتحر","neg"
"ننتحر","neg"
"تصاب","neg"
"تقصر","neg"
"نقصر","neg"
"تخوف","neg"
"نخوف","neg"
"نسب","neg"
"تستهزء","neg"
"يستهزء","neg"
"تفتن","neg"
"نفتن","neg"
"تاخدك","neg"
"ناخدك","neg"
"يسفك","neg"
"نسفك","neg"
"توري","neg"
"تربيه","neg"
"تتريق","neg"
"نتريق","neg"
"تفشخ","neg"
"يفشخ","neg"
"تلطش","neg"
"نلطش","neg"
"يجسس","neg"
"نجسس","neg"
"يتفرس","neg"
"يزعل","neg"
"تعر","neg"
"نعر","neg"
"تفلس","neg"
"نفلس","neg"
"يتحشر","neg"
"تلعنك","neg"
"نلعنك","neg"
"ينهش","neg"
"ننهش","neg"
"تهب","neg"
"يهب","neg"
"يكفر","neg"
"نكفر","neg"
"تهان","neg"
"يهان","neg"
"ننبح","neg"
"تنيكك","neg"
"ننيكك","neg"
"نشتمو","neg"
"تتبعزق","neg"
"يتبعزق","neg"
"تتسحل","neg"
"يتسحل","neg"
"تستسلم","neg"
"يستسلم","neg"
"يتخرس","neg"
"نتخرس","neg"
"يركع","neg"
"تخب","neg"
"يكسف","neg"
"نكسف","neg"
"نسرق","neg"
"نكسر","neg"
"نسخر","neg"
"تزعلو","neg"
"نزعلو","neg"
"تنافق","neg"
"ننافق","neg"
"يتحسر","neg"
"تمهل","neg"
"نمهل","neg"
"تسرقو","neg"
"يغصبن","neg"
"تحسس","neg"
"نحسس","neg"
"تنفخ","neg"
"ننفخ","neg"
"تبذ","neg"
"يبذ","neg"
"نفت","neg"
"نركب","neg"
"تعرص","neg"
"نعرص","neg"
"يتشرد","neg"
"نتشرد","neg"
"يسفل","neg"
"نسفل","neg"
"تترب","neg"
"نترب","neg"
"يشويه","neg"
"يفتر","neg"
"نفتر","neg"
"تربوك","neg"
"نربوك","neg"
"نحزن","neg"
"تخطئ","neg"
"نخطئ","neg"
"ننس","neg"
"يخونو","neg"
"نخونو","neg"
"تحرمو","neg"
"نحرمو","neg"
"يتصاب","neg"
"نتصاب","neg"
"يعورين","neg"
"تخز","neg"
"نخز","neg"
"ينقط","neg"
"يستبيحو","neg"
"يشعل","neg"
"نشعل","neg"
"تتشل","neg"
"نتشل","neg"
"تذبح","neg"
"تحتج","neg"
"نحتج","neg"
"تستغيث","neg"
"نستغيث","neg"
"تهمل","neg"
"نهمل","neg"
"تعدم","neg"
"يعدم","neg"
"تقبض","neg"
"تدمر","neg"
"تترحم","neg"
"يترحم","neg"
"تقتص","neg"
"يقتص","neg"
"يخاذل","neg"
"تكسرو","neg"
"نكسرو","neg"
"تعورو","neg"
"نعور","neg"
"يسخن","neg"
"يرتجف","neg"
"نرتجف","neg"
"نلقن","neg"
"يعتقلع","neg"
"نعتقلع","neg"
"يرن","neg"
"تتحرق","neg"
"نتحرق","neg"
"تخترق","neg"
"يجرو","neg"
"نجرو","neg"
"تمكر","neg"
"يخو","neg"
"تشد","neg"
"تماطل","neg"
"نماطل","neg"
"ياهب","neg"
"يتهم","neg"
"نتهم","neg"
"يهييص","neg"
"نهييص","neg"
"يكلك","neg"
"تقلعوك","neg"
"نقلعوك","neg"
"يستخف","neg"
"نستخف","neg"
"يخسر","neg"
"يشرذم","neg"
"تنتقم","neg"
"ننتقم","neg"
"تقتلو","neg"
"يستهبلوش","neg"
"تعتقل","neg"
"نعتقل","neg"
"يحذر","neg"
"نحذر","neg"
"ترموك","neg"
"نرموك","neg"
"ينرفز","neg"
"ننرفز","neg"
"يخوين","neg"
"تتسلح","neg"
"يزهق","neg"
"نزهق","neg"
"ينضرب","neg"
"ننضرب","neg"
"اتف","neg"
"يتف","neg"
"اردح","neg"
"يردح","neg"
"نردح","neg"
"مترباش","neg"
"تراق","neg"
"يراق","neg"
"نذبح","neg"
"تبكي","neg"
"نبكي","neg"
"يصاب","neg"
"تعتقلو","neg"
"يعتقلو","neg"
"نعتقلو","neg"
"تشوهو","neg"
"يشوهو","neg"
"طرطور","neg"
"نقتلو","neg"
"يعري","neg"
"نعري","neg"
"تستنجد","neg"
"يستنجد","neg"
"نستنجد","neg"
"تبطل","neg"
"يبطل","neg"
"نبطل","neg"
"تحقتر","neg"
"يحتقر","neg"
"نحقتر","neg"
"تشيل","neg"
"يشيل","neg"
"نشيل","neg"
"تحاكمك","neg"
"يحاكمك","neg"
"نحاكمك","neg"
"نخوين","neg"
"تنزع","neg"
"ينزع","neg"
"ننزع","neg"
"هرب","neg"
"تكشف","neg"
"تحاسب","neg"
"يحاسب","neg"
"نحاسب","neg"
"تنفضح","neg"
"ينفضح","neg"
"ننفضح","neg"
"تنخرس","neg"
"ينخرس","neg"
"ننخرس","neg"
"تسقطو","neg"
"يسقطو","neg"
"نقبض","neg"
"تحذير","neg"
"تسليط","neg"
"تحرش","neg"
"تتكسف","neg"
"يتكسف","neg"
"نتكسف","neg"
"تشيع","neg"
"يشيع","neg"
"نشيع","neg"
"تغيب","neg"
"يغيب","neg"
"نغيب","neg"
"تقتحم","neg"
"يقتحم","neg"
"نقتحم","neg"
"تهمه","neg"
"تركيع","neg"
"تفتيش","neg"
"يخربيت","neg"
"تتكتم","neg"
"يتكتم","neg"
"نتكتم","neg"
"تتجاهل","neg"
"يتجاهل","neg"
"نتجاهل","neg"
"تورط","neg"
"يورط","neg"
"تنتحل","neg"
"ينتحل","neg"
"ننتحل","neg"
"تحترق","neg"
"يحترق","neg"
"نحترق","neg"
"تحبط","neg"
"يحبط","neg"
"تظاهر","neg"
"توريط","neg"
"تلزقو","neg"
"يلزقو","neg"
"تتظاهر","neg"
"يتظاهر","neg"
"نتظاهر","neg"
"تضليل","neg"
"بيتشتم","neg"
"عنيف","neg"
"تستلم","neg"
"يستلم","neg"
"نستلم","neg"
"ضعف","neg"
"تجويع","neg"
"تتعقب","neg"
"يتعقب","neg"
"نتعقب","neg"
"تتنكر","neg"
"يتنكر","neg"
"نتنكر","neg"
"تضعف","neg"
"يضعف","neg"
"نضعف","neg"
"تعترف","neg"
"نعترف","neg"
"تحايل","neg"
"تستدرج","neg"
"يستدرج","neg"
"نستدرج","neg"
"تطاول","neg"
"تغللط","neg"
"يغللط","neg"
"نغللط","neg"
"تسجنو","neg"
"يسجنو","neg"
"نسجنو","neg"
"تجوع","neg"
"يجوع","neg"
"نجوع","neg"
"تغلط","neg"
"يغلط","neg"
"نغلط","neg"
"تنرفزن","neg"
"ينرفزن","neg"
"شتايم","neg"
"تتنفخ","neg"
"يتنفخ","neg"
"نتنفخ","neg"
"تفسد","neg"
"يفسد","neg"
"نفسد","neg"
"تخدر","neg"
"يخدر","neg"
"تقريص","neg"
"تهتك","neg"
"يهتك","neg"
"نهتك","neg"
"تبيح","neg"
"يبيح","neg"
"حبس","neg"
"تنهبو","neg"
"ينهبو","neg"
"تفشل","neg"
"يفشل","neg"
"نفشل","neg"
"تعط","neg"
"يعط","neg"
"نعط","neg"
"تخلص","neg"
"نخلص","neg"
"تدافع","neg"
"تعذيب","neg"
"تعزل","neg"
"يعزل","neg"
"نعزل","neg"
"تعاقب","neg"
"يعاقب","neg"
"نعاقب","neg"
"تهكم","neg"
"تحسسو","neg"
"تعويض","neg"
"مطرودا","neg"
"تهاجم","neg"
"يهاجم","neg"
"نهاجم","neg"
"تفريق","neg"
"تضييع","neg"
"يضييع","neg"
"نضييع","neg"
"نارك","neg"
"شهواتك","neg"
"سقطت","neg"
"تولول","neg"
"يولول","neg"
"نولول","neg"
"تعسف","neg"
"تجريم","neg"
"تخيف","neg"
"نخيف","neg"
"تدلس","neg"
"تظلم","neg"
"يظلم","neg"
"تشوه","neg"
"يشوه","neg"
"نشوه","neg"
"تصيح","neg"
"يصيح","neg"
"نصيح","neg"
"ترهيب","neg"
"تحارب","neg"
"يحارب","neg"
"نحارب","neg"
"تفو","neg"
"تطرف","neg"
"تهدر","neg"
"يهدر","neg"
"نهدر","neg"
"نقرف","neg"
"نهرتل","neg"
"تتلسع","neg"
"يتلسع","neg"
"نتلسع","neg"
"تفتت","neg"
"يفتت","neg"
"نفتت","neg"
"تفتيت","neg"
"تتسجن","neg"
"يتسجن","neg"
"نتسجن","neg"
"تسيئ","neg"
"يسيئ","neg"
"نسيئ","neg"
"تطبيل","neg"
"تسجن","neg"
"يسجن","neg"
"نسجن","neg"
"تتعرض","neg"
"يتعرض","neg"
"نتعرض","neg"
"تزرط","neg"
"يزرط","neg"
"نزرط","neg"
"تكتم","neg"
"يكتم","neg"
"نكتم","neg"
"تخطيء","neg"
"يخطيء","neg"
"نخطيء","neg"
"نقص","neg"
"تسريب","neg"
"تواطؤ","neg"
"تهزئ","neg"
"يهزئ","neg"
"نهزئ","neg"
"تشدد","neg"
"يشدد","neg"
"نشدد","neg"
"تضللو","neg"
"يضللو","neg"
"نضللو","neg"
"تطهر","neg"
"نطهر","neg"
"تتوب","neg"
"يتوب","neg"
"نتوب","neg"
"تكذيب","neg"
"تصتدم","neg"
"يصتدم","neg"
"نصتدم","neg"
"تتظلم","neg"
"يتظلم","neg"
"نتظلم","neg"
"تتهدد","neg"
"يتهدد","neg"
"ياخدك","neg"
"متغاظ","neg"
"تزوغ","neg"
"يزوغ","neg"
"نزوغ","neg"
"تزيح","neg"
"يزيح","neg"
"نزيح","neg"
"تنتقد","neg"
"ينتقد","neg"
"ننتقد","neg"
"تخطء","neg"
"يخطء","neg"
"نخطء","neg"
"تتوكس","neg"
"يتوكس","neg"
"نتوكس","neg"
"تزيط","neg"
"يزيط","neg"
"نزيط","neg"
"تغضب","neg"
"يغضب","neg"
"نغضب","neg"
"تخدع","neg"
"يخدع","neg"
"نخدع","neg"
"تتخض","neg"
"يتخض","neg"
"نتخض","neg"
"تتمسح","neg"
"يتمسح","neg"
"نتمسح","neg"
"نكد","neg"
"تحشر","neg"
"يحشر","neg"
"نحشر","neg"
"نعاج","neg"
"تهش","neg"
"يهش","neg"
"تتقمص","neg"
"يتقمص","neg"
"تعترض","neg"
"يعترض","neg"
"نعترض","neg"
"تندد","neg"
"يندد","neg"
"تعذبو","neg"
"يعذبو","neg"
"نحاكم","neg"
"تحتقر","neg"
"نحتقر","neg"
"تتقتلو","neg"
"يتقتلو","neg"
"حذاء","neg"
"تتقبض","neg"
"يتقبض","neg"
"تنزف","neg"
"ينزف","neg"
"ننزف","neg"
"تصبرك","neg"
"يصبرك","neg"
"معشوق","neg"
"تنور","neg"
"تتناك","neg"
"يتناك","neg"
"نتناك","neg"
"تاكلك","neg"
"روث","neg"
"شخر","neg"
"تخدك","neg"
"يخدك","neg"
"بكرهك","neg"
"تخرص","neg"
"يخرص","neg"
"نخرص","neg"
"تتلم","neg"
"يتلم","neg"
"نتلم","neg"
"مهذب","neg"
"تولعو","neg"
"يولعو","neg"
"تجادل","neg"
"يجادل","neg"
"نجادل","neg"
"مزقوق","neg"
"غلطان","neg"
"عفريت","neg"
"تليف","neg"
"يليف","neg"
"نليف","neg"
"تنسو","neg"
"ينسو","neg"
"ننسو","neg"
"خسارتك","neg"
"غشاش","neg"
"يسحلونك","neg"
"تهييس","neg"
"طيزك","neg"
"مخبول","neg"
"زيط","neg"
"تفضحك","neg"
"يفضحك","neg"
"نفضحك","neg"
"تزعلك","neg"
"يزعلك","neg"
"نزعلك","neg"
"بيشتمك","neg"
"يتبرؤن","neg"
"تبضن","neg"
"يبضن","neg"
"نبضن","neg"
"تعارض","neg"
"نعارض","neg"
"جهال","neg"
"تتهد","neg"
"يتهد","neg"
"نتهد","neg"
"تتطاول","neg"
"يتطاول","neg"
"نتطاول","neg"
"توجع","neg"
"يوجع","neg"
"نوجع","neg"
"تلجمك","neg"
"يلجمك","neg"
"نلجمك","neg"
"سخافتك","neg"
"متاخر","neg"
"تجرح","neg"
"يجرح","neg"
"نجرح","neg"
"تنسحب","neg"
"ينسحب","neg"
"ننسحب","neg"
"نخسر","neg"
"اتهبلت","neg"
"اتسجنتم","neg"
"تربيك","neg"
"يربيك","neg"
"نربيك","neg"
"تستجعل","neg"
"يستجعل","neg"
"نستجعل","neg"
"تركبك","neg"
"نركبك","neg"
"تعريس","neg"
"متعوس","neg"
"تتخزوق","neg"
"يتخزوق","neg"
"نتخزوق","neg"
"تحك","neg"
"يحك","neg"
"تفر","neg"
"يفر","neg"
"نفر","neg"
"تنييكك","neg"
"ينييكك","neg"
"ننييكك","neg"
"خربان","neg"
"تضر","neg"
"يضر","neg"
"نضر","neg"
"تفشخك","neg"
"يفشخك","neg"
"نفشخك","neg"
"يزايد","neg"
"نزايد","neg"
"تخجل","neg"
"يخجل","neg"
"نخجل","neg"
"تقيل","neg"
"يقيل","neg"
"نقيل","neg"
"تكرهك","neg"
"يكرهك","neg"
"نكرهك","neg"
"تحسد","neg"
"يحسد","neg"
"نحسد","neg"
"تتشلح","neg"
"يتشلح","neg"
"نتشلح","neg"
"تعريك","neg"
"يعريك","neg"
"نعريك","neg"
"ضاعت","neg"
"ماتغور","neg"
"مفشوخ","neg"
"تمسخرك","neg"
"يمسخرك","neg"
"نمسخرك","neg"
"تتنح","neg"
"يتنح","neg"
"نتنح","neg"
"يهيص","neg"
"يدبحوا","neg"
"تكذبوا","neg"
"يتحبسوا","neg"
"نكايه","neg"
"يريح","neg"
"يوري","neg"
"تفرس","neg"
"يركب","neg"
"نرن","neg"
"تجرعت","neg"
"نيمين","neg"
"تخشي","neg"
"يخشي","neg"
"نربي","neg"
"نريح","neg"
"نخب","neg"
"تركب","neg"
"تتمم","neg"
"ترن","neg"
"اعتصام","neg"
"يكشف","neg"
"نكشف","neg"
"يعترف","neg"
"يخلص","neg"
"يدافع","neg"
"ندافع","neg"
"بهيمه","neg"
"تجنن","neg"
"يجنن","neg"
"عظمتك","neg"
"ينور","neg"
"بردع","neg"
"سزاجه","neg"
"اتسحبت","neg"
"يعارض","neg"
"محايله","neg"
"تهد","neg"
"يهد","neg"
"نهد","neg"
"نخشي","neg"
"يناقض","neg"
"السجن","neg"
"نخالف","neg"
"تلجا","neg"
"يلجا","neg"
"نلجا","neg"
"دلدول","neg"
"متقطعه","neg"
"نتناقض","neg"
"اخشي","neg"
"تؤجل","neg"
"يؤجل","neg"
"تتظاهرون","neg"
"يتظاهرون","neg"
"يتحملك","neg"
"نتحملك","neg"
"تعدياً","neg"
"قضائيه","neg"
"المعتقلين","neg"
"كسها","neg"
"طيزه","neg"
"اهدارا","neg"
"فشيخ","neg"
"تعزلوا","neg"
"يعزلوا","neg"
"تفرقه","neg"
"اعور","neg"
"الغبي","neg"
"تختلفي","neg"
"الغريبه","neg"
"البلطجي","neg"
"اتحكم","neg"
"مراره","neg"
"مظاهراتهم","neg"
"قضايا","neg"
"المخلوع","neg"
"تفز","neg"
"تتخاذل","neg"
"يتخاذل","neg"
"نتخاذل","neg"
"بتتظاهر","neg"
"للمنافقين","neg"
"تقع","neg"
"يقع","neg"
"نقع","neg"
"تتراجع","neg"
"يتراجع","neg"
"نتراجع","neg"
"تخرس","neg"
"يخرس","neg"
"نخرس","neg"
"مزعلني","neg"
"تتعظوا","neg"
"يتعظوا","neg"
"سبه","neg"
"تكسير","neg"
"تقاوم","neg"
"نقاوم","neg"
"احراقها","neg"
"قصفها","neg"
"حوادث","neg"
"تقاضي","neg"
"نقاضي","neg"
"الحائر","neg"
"صراعات","neg"
"طامعين","neg"
"البلطجيه","neg"
"تحطم","neg"
"يحطم","neg"
"نحطم","neg"
"البلاغ","neg"
"تستنكرون","neg"
"يستنكرون","neg"
"تعاقبه","neg"
"يعاقبه","neg"
"نعاقبه","neg"
"المحبوس","neg"
"ترحل","neg"
"يرحل","neg"
"نرحل","neg"
"النقض","neg"
"السرقه","neg"
"تقتلك","neg"
"يقتلك","neg"
"نقتلك","neg"
"تايهه","neg"
"ومظاهرات","neg"
"يامنافقين","neg"
"تتشملل","neg"
"يتشملل","neg"
"نتشملل","neg"
"المتظاهرون","neg"
"تتعارض","neg"
"يتعارض","neg"
"نتعارض","neg"
"تتربي","neg"
"يتربي","neg"
"نتربي","neg"
"اعتبار","neg"
"اشتم","neg"
"نحيتك","neg"
"اعتصمت","neg"
"الغلط","neg"
"تنكرها","neg"
"ينكرها","neg"
"ننكرها","neg"
"تنكر","neg"
"ينكر","neg"
"ننكر","neg"
"المشكله","neg"
"حابس","neg"
"لهوي","neg"
"تدعي","neg"
"يدعي","neg"
"ندعي","neg"
"الرياء","neg"
"تستاهلوا","neg"
"يستاهلوا","neg"
"الصخب","neg"
"تقضي","neg"
"يقضي","neg"
"نقضي","neg"
"تنحني","neg"
"ينحني","neg"
"ننحني","neg"
"تنكران","neg"
"ينكران","neg"
"تطغي","neg"
"يطغي","neg"
"نطغي","neg"
"تنتن","neg"
"ينتن","neg"
"ننتن","neg"
"تخذلكم","neg"
"يخذلكم","neg"
"نخذلكم","neg"
"الالتزام","neg"
"الحافي","neg"
"تتخاصم","neg"
"يتخاصم","neg"
"نتخاصم","neg"
"تتركوا","neg"
"يتركوا","neg"
"فاشي","neg"
"زعل","neg"
"ماينفعش","neg"
"تكره","neg"
"يكره","neg"
"نكره","neg"
"ياكلاب","neg"
"صمود","neg"
"الشجب","neg"
"المعارضين","neg"
"بيموتوا","neg"
"تتدخل","neg"
"يتدخل","neg"
"نتدخل","neg"
"تتخلي","neg"
"يتخلي","neg"
"نتخلي","neg"
"تضيع","neg"
"يضيع","neg"
"نضيع","neg"
"تنتهي","neg"
"ينتهي","neg"
"ننتهي","neg"
"الدبابات","neg"
"تستبعد","neg"
"يستبعد","neg"
"نستبعد","neg"
"تتقاعدوا","neg"
"يتقاعدوا","neg"
"تحرمنا","neg"
"يحرمنا","neg"
"تتسول","neg"
"يتسول","neg"
"نتسول","neg"
"حنموت","neg"
"خرا","neg"
"يالهوي","neg"
"تقرصيهم","neg"
"سحبها","neg"
"دمعا","neg"
"بيتفرجوا","neg"
"تتورطوا","neg"
"يتورطوا","neg"
"معندهمش","neg"
"تضربك","neg"
"يضربك","neg"
"نضربك","neg"
"هربان","neg"
"بالهروب","neg"
"الفران","neg"
"جيوش","neg"
"تضطر","neg"
"يضطر","neg"
"نضطر","neg"
"معاق","neg"
"الافتراء","neg"
"تخلصكم","neg"
"يخلصكم","neg"
"نخلصكم","neg"
"تتعاطوها","neg"
"يتعاطوها","neg"
"نتعاطوها","neg"
"ترفض","neg"
"يرفض","neg"
"نرفض","neg"
"مربوطين","neg"
"تصبر","neg"
"يصبر","neg"
"نصبر","neg"
"الغلطان","neg"
"حراسه","neg"
"اقتحم","neg"
"تلغي","neg"
"تعتدوا","neg"
"يعتدوا","neg"
"تدعمه","neg"
"ندعمه","neg"
"ستعزله","neg"
"حرباً","neg"
"جزم","neg"
"تتواطا","neg"
"يتواطا","neg"
"نتواطا","neg"
"الشهداء","neg"
"تطعن","neg"
"يطعن","neg"
"نطعن","neg"
"ابله","neg"
"تتهومنا","neg"
"يتهومنا","neg"
"خطيرا","neg"
"البجاحه","neg"
"للتحريض","neg"
"نظلم","neg"
"الغباء","neg"
"تمنع","neg"
"يمنع","neg"
"نمنع","neg"
"هواهم","neg"
"الانقاض","neg"
"بفتات","neg"
"هايطلق","neg"
"تتردد","neg"
"يتردد","neg"
"نتردد","neg"
"الانفلات","neg"
"تصمت","neg"
"يصمت","neg"
"نصمت","neg"
"بيتظاهروا","neg"
"مصرع","neg"
"ياس","neg"
"نكاه","neg"
"يمكرالله","neg"
"مهدود","neg"
"تطع","neg"
"نبك","neg"
"تبك","neg"
"يتحبس","neg"
"تتحبس","neg"
"نتحبس","neg"
"يخش","neg"
"تخش","neg"
"تؤسفن","neg"
"يعور","neg"
"تعور","neg"
"يحقتر","neg"
"بهائم","neg"
"يائس","neg"
"يتبرا","neg"
"يدهس","neg"
"اتخانق","neg"
"سزاج","neg"
"اتخنقت","neg"
"اتشطف","neg"
"يصفع","neg"
"انتحر","neg"
"حانتحر","neg"
"انتحرت","neg"
"مات","neg"
"مفهمش","neg"
"خبط","neg"
"خبطت","neg"
"بيزعق","neg"
"بتزعق","neg"
"مرمط","neg"
"اتصدم","neg"
"خسر","neg"
"تجبر","neg"
"يجبر","neg"
"تعبت","neg"
"سيقمع","neg"
"يقمع","neg"
"اضرب","neg"
"هددني","neg"
"بتتفقع","neg"
"اتغلب","neg"
"بتبهدل","neg"
"هيندم","neg"
"تفرفر","neg"
"نتخانق","neg"
"اتهمت","neg"
"تحاصر","neg"
"يحاصر","neg"
"مفتريين","neg"
"يكوش","neg"
"نعصي","neg"
"تعصي","neg"
"يعصي","neg"
"خنق","neg"
"دعس","neg"
"اسقاط","neg"
"قاطع","neg"
"هرول","neg"
"تنديد","neg"
"يلم","neg"
"تلم","neg"
"نلم","neg"
"الم","neg"
"تدني","neg"
"قطع","neg"
"دبح","neg"
"زرط","neg"
"ذبح","neg"
"عزل","neg"
"يقاضي","neg"
"هزئ","neg"
"نزع","neg"
"عور","neg"
"كسر","neg"
"ردح","neg"
"مهل","neg"
"قصر","neg"
"نتن","neg"
"بضن","neg"
"حارب","neg"
"ركع","neg"
"صدم","neg"
"عتم","neg"
"خرص","neg"
"نهش","neg"
"زعق","neg"
"عسف","neg"
"نزف","neg"
"سكت","neg"
"خذل","neg"
"كسف","neg"
"هرتل","neg"
"مسح","neg"
"لقن","neg"
"حسد","neg"
"هزم","neg"
"حاصر","neg"
"لطش","neg"
"حسس","neg"
"شتت","neg"
"ترك","neg"
"كتم","neg"
"خدر","neg"
"منع","neg"
"كمم","neg"
"سقط","neg"
"حاكم","neg"
"فرفر","neg"
"كشف","neg"
"يستبيح","neg"
"نبح","neg"
"كدس","neg"
"يعظ","neg"
"ورط","neg"
"خطئ","neg"
"خطء","neg"
"سخن","neg"
"صرخ","neg"
"قرص","neg"
"هيص","neg"
"ولع","neg"
"يجحم","neg"
"هيج","neg"
"كحم","neg"
"حشر","neg"
"نقط","neg"
"فتش","neg"
"جنن","neg"
"حطم","neg"
"حذر","neg"
"قضي","neg"
"ركب","neg"
"نقد","neg"
"راق","neg"
"لغي","neg"
"دهس","neg"
"نصب","neg"
"بكي","neg"
"شجب","neg"
"خش","neg"
"تعب","neg"
"تخض","neg"
"ردع","neg"
"شيع","neg"
"هان","neg"
"خاصم","neg"
"خلص","neg"
"لجم","neg"
"كلك","neg"
"ماطل","neg"
"يقحم","neg"
"بعزق","neg"
"لجا","neg"
"لسع","neg"
"يخيف","neg"
"سفل","neg"
"غلب","neg"
"ندد","neg"
"فرس","neg"
"عصب","neg"
"تف","neg"
"حاسب","neg"
"نجد","neg"
"صفع","neg"
"ليف","neg"
"لفق","neg"
"وجع","neg"
"كره","neg"
"ندم","neg"
"شدد","neg"
"مسخر","neg"
"تراجع","neg"
"اتألش","neg"
"بحبك","pos"
"حب","pos"
"نحيك","pos"
"احيك","pos"
"اهنيك","pos"
"يكرم","pos"
"احسنت","pos"
"نظيف","pos"
"نقي","pos"
"نزيه","pos"
"تحيه","pos"
"تقدير","pos"
"ينصر","pos"
"نزاهه","pos"
"يحميك","pos"
"توافق","pos"
"نرحب","pos"
"بحترمك","pos"
"ينجح","pos"
"ناجح","pos"
"نضيف","pos"
"يطمئن","pos"
"يحبوك","pos"
"يصدق","pos"
"تبرع","pos"
"يحرصك","pos"
"تشاور","pos"
"تحيك","pos"
"يحيك","pos"
"تكرم","pos"
"نكرم","pos"
"تقي","pos"
"نحي","pos"
"تنصر","pos"
"ننصر","pos"
"تحميك","pos"
"نحميك","pos"
"يوافق","pos"
"نوافق","pos"
"ترحب","pos"
"يرحب","pos"
"تنجح","pos"
"ننجح","pos"
"تطمئن","pos"
"نطمئن","pos"
"نحبوك","pos"
"تصدق","pos"
"نصدق","pos"
"نبرع","pos"
"تحرصك","pos"
"نحرصك","pos"
"نشاور","pos"
"نجاحك","pos"
"حبك","pos"
"تميز","pos"
"تصلح","pos"
"يصلح","pos"
"نصلح","pos"
"نصر","pos"
"ترحم","pos"
"يرحم","pos"
"تسامح","pos"
"يسامح","pos"
"نسامح","pos"
"تحيا","pos"
"يحيا","pos"
"نحيا","pos"
"تحمي","pos"
"يحمي","pos"
"نحمي","pos"
"تحفظ","pos"
"يحفظ","pos"
"تفلح","pos"
"يفلح","pos"
"نفلح","pos"
"تكاتف","pos"
"تتفق","pos"
"يتفق","pos"
"نتفق","pos"
"تكفل","pos"
"يكفل","pos"
"نكفل","pos"
"تنصرك","pos"
"ينصرك","pos"
"تطوير","pos"
"تطهير","pos"
"تحفز","pos"
"يحفز","pos"
"نحفز","pos"
"تحترم","pos"
"يحترم","pos"
"نحترم","pos"
"تناغم","pos"
"تاييد","pos"
"تحالف","pos"
"يحالف","pos"
"تفاؤل","pos"
"تعاون","pos"
"تعفو","pos"
"يعفو","pos"
"نعفو","pos"
"تقبل","pos"
"يقبل","pos"
"نقبل","pos"
"تضامن","pos"
"تربح","pos"
"يربح","pos"
"نربح","pos"
"تنعم","pos"
"ينعم","pos"
"يحيه","pos"
"نحيه","pos"
"تهدي","pos"
"يهدي","pos"
"تؤتمن","pos"
"يؤتمن","pos"
"تهديك","pos"
"يهديك","pos"
"ترتاح","pos"
"يرتاح","pos"
"نرتاح","pos"
"تنتصر","pos"
"تفتقد","pos"
"نفتقد","pos"
"تعتذر","pos"
"يعتذر","pos"
"نعتذر","pos"
"تكسب","pos"
"يكسب","pos"
"نكسب","pos"
"يبارك","pos"
"تحرسك","pos"
"يحرسك","pos"
"نحرسك","pos"
"خجل","pos"
"تعقل","pos"
"يعقل","pos"
"تسهم","pos"
"يسهم","pos"
"ترشد","pos"
"يرشد","pos"
"تضحك","pos"
"يضحك","pos"
"نضحك","pos"
"تقدرك","pos"
"يقدرك","pos"
"نقدرك","pos"
"تحدي","pos"
"تحتفل","pos"
"يحتفل","pos"
"نحتفل","pos"
"كراما","pos"
"راسخ","pos"
"تستغفر","pos"
"يستغفر","pos"
"نستغفر","pos"
"تهنئ","pos"
"يهنئ","pos"
"نهنئ","pos"
"تسعد","pos"
"يسعد","pos"
"يخليك","pos"
"ترحمك","pos"
"يرحمك","pos"
"نفيس","pos"
"تشكر","pos"
"يشكر","pos"
"نشكر","pos"
"تحفظك","pos"
"يحفظك","pos"
"نحفظك","pos"
"تعاطف","pos"
"توفقك","pos"
"يوفقك","pos"
"نوفقك","pos"
"تكرمك","pos"
"يكرمك","pos"
"نكرمك","pos"
"تحبك","pos"
"يحبك","pos"
"نحبك","pos"
"تشرف","pos"
"يشرف","pos"
"تعجبن","pos"
"يعجبن","pos"
"تعزك","pos"
"يعزك","pos"
"تشفيك","pos"
"يشفيك","pos"
"تعمير","pos"
"تدعمك","pos"
"يدعمك","pos"
"تكرمه","pos"
"يكرمه","pos"
"نكرمه","pos"
"مظبوط","pos"
"بتفهم","pos"
"اتبسط","pos"
"باحبك","pos"
"سلامتك","pos"
"بحبكو","pos"
"تشكرك","pos"
"يشكرك","pos"
"نشكرك","pos"
"تريحك","pos"
"يريحك","pos"
"نريحك","pos"
"تستقر","pos"
"يستقر","pos"
"نستقر","pos"
"تكحمك","pos"
"يكحمك","pos"
"تجاملك","pos"
"يجاملك","pos"
"رفيق","pos"
"شكرا","pos"
"تسعدك","pos"
"يسعدك","pos"
"نسعدك","pos"
"انتصر","pos"
"ينتصر","pos"
"ننتصر","pos"
"يثق","pos"
"نثق","pos"
"تثق","pos"
"اثق","pos"
"يدعم","pos"
"تدعم","pos"
"ندعم","pos"
"يطهر","pos"
"نخوه","pos"
"تنظيم","pos"
"توضيح","pos"
"يفتقد","pos"
"تحفه","pos"
"تواضع","pos"
"تائب","pos"
"تنصره","pos"
"ينصره","pos"
"ننصره","pos"
"نبارك","pos"
"تستحي","pos"
"يستحي","pos"
"نستحي","pos"
"بنحبك","pos"
"نرحمك","pos"
"تنهض","pos"
"ينهض","pos"
"ننهض","pos"
"الاستقرار","pos"
"الاهتمام","pos"
"نرحم","pos"
"تعجبني","pos"
"يعجبني","pos"
"محترمه","pos"
"الجدعان","pos"
"تغيير","pos"
"الجفاف","pos"
"تنصرهم","pos"
"ينصرهم","pos"
"ننصرهم","pos"
"تجتهد","pos"
"يجتهد","pos"
"نجتهد","pos"
"تحن","pos"
"يحن","pos"
"مقبولا","pos"
"بيضحك","pos"
"الحمد","pos"
"صحيحه","pos"
"بحبه","pos"
"تقويكي","pos"
"يقويكي","pos"
"تسلمي","pos"
"يحظك","pos"
"تسعدنا","pos"
"يسعدنا","pos"
"بحبوا","pos"
"الشجاعه","pos"
"تفهمك","pos"
"يفهمك","pos"
"نفهمك","pos"
"تفديك","pos"
"يفديك","pos"
"نفديك","pos"
"مداح","pos"
"يزكوا","pos"
"ترحمه","pos"
"يرحمه","pos"
"نرحمه","pos"
"ناجحه","pos"
"يدعمه","pos"
"الاعتراف","pos"
"المسانده","pos"
"تشكم","pos"
"يشكم","pos"
"نشكم","pos"
"الاحرار","pos"
"حلاوه","pos"
"مصارحته","pos"
"وفاء","pos"
"زكي","pos"
"حشمتها","pos"
"متضامن","pos"
"ويضحك","pos"
"تصح","pos"
"يصح","pos"
"نفهم","pos"
"استفاد","pos"
"انبسطت","pos"
"تواضعا","pos"
"ادعم","pos"
"طهر","pos"
"نستفيد","pos"
"يستفيد","pos"
"تستفيد","pos"
"كسب","pos"
"انبسطوا","pos"
"تفرح","pos"
"يفرح","pos"
"بانبسط","pos"
"انبسط","pos"
"ستنتصر","pos"
"سننتصر","pos"
"اتشرفت","pos"
"يتقن","pos"
"عاجب","pos"
"يشيد","pos"
"ساند","pos"
"سعدت","pos"
"فرحت","pos"
"تفاءل","pos"
"شكر","pos"
"اؤيد","pos"
"يؤيد","pos"
"نؤيد","pos"
"تؤيد","pos"
"اؤيدك","pos"
"عاشت","pos"
"تعيش","pos"
"يعيش","pos"
"اعشق","pos"
"نعشق","pos"
"تعشق","pos"
"يعشق","pos"
"تنصف","pos"
"ينصف","pos"
"يلتزم","pos"
"تلتزم","pos"
"نلتزم","pos"
"التزم","pos"
"نفع","pos"
"تصد","pos"
"نفتخر","pos"
"تسهيل","pos"
"تقدم","pos"
"وفق","pos"
"ريح","pos"
"عشق","pos"
"كفل","pos"
"فهم","pos"
"يصد","pos"
"صدق","pos"
"جامل","pos"
"شكم","pos"
"سهم","pos"
"ربح","pos"
"برع","pos"
"حفز","pos"
"فخر","pos"
"حفظ","pos"
"ضحك","pos"
"سند","pos"
"قدر","pos"
"هنئ","pos"
"فلح","pos"
"نهض","pos"
"نور","pos"
"حرر","pos"
"حرس","pos"
"نجح","pos"
"رشد","pos"
"نبسط","pos"
"رحب","pos"
"عقل","pos"
"تحي","pos"
"طور","pos"
"نظف","pos"
"يحترف","pos"
"بحبها","pos"
"اعمل لكم ايه","neg"
"رنوه علقه","neg"
"مش كفايه","neg"
"حسبي الله ونعم الوكيل","neg"
"مش فاهم حاجه","neg"
"خطوات كبيره للوراء","neg"
"مافيش فايده","neg"
"اي كلام","neg"
"مين ده","neg"
"ليهم عين","neg"
"كابس علي نفسنا","neg"
"هي ناقصه","neg"
"هوه ده الي ربنا قدركم عليه","neg"
"حافظ مش فاهم","neg"
"شر البليه ما يضحك","neg"
"الله يحرقكو","neg"
"حق غير شرعي","neg"
"يسقط يسقط","neg"
"بيلحس جزم","neg"
"ولاد وسخه","neg"
"سليط اللسان","neg"
"طويل اللسان","neg"
"معندوش دم","neg"
"معندكش دم","neg"
"معندكيش دم","neg"
"بتلحس جزم","neg"
"قله ادب","neg"
"الله يلعن","neg"
"ايام سوده","neg"
"قلب اتحرق","neg"
"بلا وكسه","neg"
"منكم لله","neg"
"منك لله","neg"
"ا قر ع ونزهي","neg"
"مرض اجتماعي","neg"
"ربنا يهديك","neg"
"ربنا يهدي","neg"
"معندهمش دم","neg"
"مخيب للامال","neg"
"ضحاله الفكر","neg"
"مزبله التاريخ","neg"
"ابن الهرمه","neg"
"ام العجايب","neg"
"هو مفيش غير","neg"
"لا ياشيخ","neg"
"بعد ايه","neg"
"كان من الاول","neg"
"اسمع كلامك اصدقك","neg"
"منهم لله","neg"
"يعني ايه","neg"
"يخرب بيوتكم","neg"
"يخرب بيتك","neg"
"مش ناقصاك","neg"
"مش ناقصه","neg"
"ضرب تحت الحزام","neg"
"محدود الذكاء","neg"
"سوء الاداره","neg"
"يا نهار اسود","neg"
"يانهر اسود","neg"
"ربنا يهده","neg"
"ضرب الجزم","neg"
"اتقو الله","neg"
"اتقي الله","neg"
"اللي اختاشو ماتو","neg"
"علي جثتنا","neg"
"علي جثتي","neg"
"تقل دم","neg"
"دم تقيل","neg"
"ربنا معاكم","neg"
"ربنا معاك","neg"
"عوضنا على الله","neg"
"حسبنا الله ونعم الوكيل","neg"
"حسبى الله ونعم الوكيل","neg"
"تجار دين","neg"
"اصحاب المصالح","neg"
"لبست في الحيطة","neg"
"لبس في الحيطة","neg"
"اهدار كرامه","neg"
"قلة ادبك","neg"
"يا روح امك","neg"
"يلعن سلسفيل","neg"
"مخه صغير","neg"
"قليل الادب","neg"
"قلة ادب","neg"
"أقرع ونزهى","neg"
"يلعن ابو","neg"
"اتق الله","neg"
"ابقى قابلنى","neg"
"داهيه تاخدك","neg"
"ربنا ياخدك","neg"
"موتوا بغيظكم","neg"
"موت بغيظك","neg"
"حموت بغيظي","neg"
"اهبل بريالة","neg"
"ياما تحت السهاوي دهاوي","neg"
"الي الجحيم","neg"
"لا حول و لا قوه الا بالله","neg"
"ربنا يخد","neg"
"يضحك علينا","neg"
"تضحك علينا","neg"
"اين انتم من","neg"
"اجعلهم عبره","neg"
"خليك واضح","neg"
"عبره لغيرك","neg"
"جتنكم خيبة","neg"
"ابن المرة","neg"
"جتني خيبة","neg"
"جتنك خيبة","neg"
"عبره لغيره","neg"
"خليك عاقل","neg"
"لا حياة لمن تنادى","neg"
"ماكنتش مبسوط","neg"
"عبره لكل","neg"
"عبره لغيرهم","neg"
"منه لله","neg"
"منها لله","neg"
"الي زوال","neg"
"نهار اسود","neg"
"ياكش تولع","neg"
"المتاجره بالدين","neg"
"لف ودوران","neg"
"بالعند فيك","neg"
"بالعند فيكي","neg"
"بالعند فيكى","neg"
"بالعند فيكم","neg"
"مختل عقليا","neg"
"يا خبر اسود","neg"
"ده آخره","neg"
"حاجة تكسف","neg"
"سوء الحظ","neg"
"يضحكوا علينا","neg"
"ضحك علينا","neg"
"يانهار اسود","neg"
"ضحك عليا","neg"
"ضحك عليك","neg"
"مات الكلام","neg"
"ربنا يخده","neg"
"ربنا يخدك","neg"
"ربنا يخدكم","neg"
"نهارك مش فايت","neg"
"اتمسح بيه الارض","neg"
"اتمسح بيه البلاط","neg"
"اتمسح بيهم الارض","neg"
"اتمسح بينا الأرض","neg"
"بيضحك علي","neg"
"مش طايق نفسه","neg"
"مش طايق نفسي","neg"
"فاكر نفسه ايه","neg"
"تطلع عين","neg"
"تطلع عينو","neg"
"تطلع عينها","neg"
"طلع عين","neg"
"مش عيب عليك","neg"
"مش عيب عليكم","neg"
"على عينك يا تاجر","neg"
"مفيش فايده","neg"
"معندهاش دم","neg"
"معندهومش دم","neg"
"معندهوش دم","neg"
"جن جنونها","neg"
"جن جنونه","neg"
"ياكش يولعوا","neg"
"نهاركم اسود","neg"
"يا لهوي","neg"
"فرخه دايخه","neg"
"اللهم اخزه","neg"
"بن المره","neg"
"ابن المره","neg"
"الطين بله","neg"
"الله يحرقك","neg"
"محدودي الذكاء","neg"
"محدوده الذكاء","neg"
"اتقى الله","neg"
"دمه تقيل","neg"
"دمها تقيل","neg"
"دمهم تقيل","neg"
"لبسنا في الحيطه","neg"
"قليله الادب","neg"
"ولاد مره","neg"
"يمهل و لا يهمل","neg"
"يا روح اومك","neg"
"يا روح خالتك","neg"
"يا روح أمكم","neg"
"يا روح طنط","neg"
"ابو جهل","neg"
"اخص علي","neg"
"منفاخ محمي","neg"
"بتوع مصالح","neg"
"بتوع مصلحتهم","neg"
"بتوع مصلحه","neg"
"بتوع مصلحتكم","neg"
"بتاع مصلحه","neg"
"بتاع مصلحته","neg"
"القضاء علي","neg"
"لسه فاكر","neg"
"لعنه الله علي","neg"
"يبكي من الفرح","pos"
"دمه خفيف","pos"
"زي العسل","pos"
"لافض فوك","pos"
"في الصميم","pos"
"جزاك الله خيرا","pos"
"تسلم اديك","pos"
"تسلم ايدك","pos"
"بارك الله فيك","pos"
"يسلم فومك","pos"
"يسلم فمك","pos"
"ربنا يسعدك","pos"
"منصور باذن الله","pos"
"كلنا معك","pos"
"كلنا معاك","pos"
"الحمد لله","pos"
"عندك حق","pos"
"معك حق","pos"
"معاك حق","pos"
"ربنا يوفقك","pos"
"ربنا يكرمك","pos"
"بحبك موت","pos"
"احلي حاجه","pos"
"الله اكبر","pos"
"الله ينور","pos"
"ربنا يحمي","pos"
"الذوق الرفيع","pos"
"الله يحميكم","pos"
"الله يحميك","pos"
"الله يكون فى عون","pos"
"الله عليك","pos"
"ماشاء الله","pos"
"ما شاء الله","pos"
"ربنا يزيد ويبارك","pos"
"ربنا يزيد","pos"
"ربنا يبارك","pos"
"اشرف ناس","pos"
"اشرف واحد","pos"
"جامدة اوي","pos"
"الف شكر","pos"
"فى حفظ الله","pos"
"كلنا مع","pos"
"جامد اوي","pos"
"سرعة بديهه","pos"
"حبيبه قلبي","pos"
"هو ده الشغل","pos"
"الله يمسيه بالخير","pos"
"الله يمسيك بالخير","pos"
"حبيب قلبي","pos"
"أهو كدة","pos"
"كتر خيرهم","pos"
"كتر خيرك","pos"
"ربنا يكثر من امثالك","pos"
"الله غالب","pos"
"من حسن الحظ","pos"
"موفق بأذن الله","pos"
"موفقين بأذن الله","pos"
"الى الامام","pos"
"صفحة جديدة","pos"
"صباح الورد","pos"
"عين العقل","pos"
"حبياب قلبي","pos"
"ايوه كده","pos"
"عداك العيب","pos"
"انا معاك","pos"
"احنا معاك","pos"
"فوق الشبهات","pos"
"حر طليق","pos"
"ربنا يكثر من","pos"
"ربنا يكتر من","pos"
"مر مرور الكرام","pos"
"الحمد الله","pos"
"الحمدالله","pos"
"حمد الله","pos"
"حمدالله","pos"
"بكره احلى","pos"
"ربنا يحميك","pos"
"محسوبيه","neg"
"مقتل","neg"
"عنجهيه","neg"
"محبط","neg"
"مفسد","neg"
"مستفز","neg"
"ازدراء","neg"
"استهانه","neg"
"احتجاج","neg"
"مالكيش","neg"
"لابس","neg"
"تحقير","neg"
"اعزاز","neg"
"تدمير","neg"
"مقموص","neg"
"تقاعس","neg"
"حبط","neg"
"عاصف","neg"
"فاحش","neg"
"قذر","neg"
"سافل","neg"
"متسخ","neg"
"وسخ","neg"
"ملوث","neg"
"بذيء","neg"
"دنيء","neg"
"حقير","neg"
"عاق","neg"
"غتيت","neg"
"زعلان","neg"
"مزعج","neg"
"مضطرب","neg"
"مرتبك","neg"
"مهتاج","neg"
"منفعل","neg"
"مختل","neg"
"بارد","neg"
"فاتر","neg"
"وقح","neg"
"لاذع","neg"
"جاهل","neg"
"سفيه","neg"
"زباله","neg"
"اونطجي","neg"
"عميل","neg"
"هايف","neg"
"رغاي","neg"
"حيوان","neg"
"خائب","neg"
"حرامي","neg"
"قاتل","neg"
"طاغي","neg"
"مضلل","neg"
"معرص","neg"
"معفن","neg"
"شراميط","neg"
"كلب","neg"
"جبان","neg"
"خول","neg"
"همج","neg"
"عبيط","neg"
"عاطل","neg"
"مقرف","neg"
"داعر","neg"
"محرض","neg"
"صهيون","neg"
"مهنج","neg"
"عصابي","neg"
"خايب","neg"
"صهاينه","neg"
"صليبي","neg"
"كريه","neg"
"خبيث","neg"
"مؤذ","neg"
"باطل","neg"
"طائش","neg"
"زائف","neg"
"بشع","neg"
"غريب","neg"
"منحرف","neg"
"مومس","neg"
"شاذ","neg"
"ملعون","neg"
"مغفل","neg"
"اوباش","neg"
"استغلالي","neg"
"وحش","neg"
"متخلف","neg"
"حاقد","neg"
"ارعن","neg"
"بايخ","neg"
"مدلس","neg"
"ماجور","neg"
"ساذج","neg"
"ارهابي","neg"
"مجرم","neg"
"بغل","neg"
"بلطجي","neg"
"مفتري","neg"
"متسلق","neg"
"سرقه","neg"
"متملق","neg"
"مطمع","neg"
"عصيب","neg"
"سكين","neg"
"ارحمني","neg"
"مريض","neg"
"اهبل","neg"
"اعدائك","neg"
"اخسر","neg"
"اموت","neg"
"متامر","neg"
"شاد","neg"
"مقزز","neg"
"فشيق","neg"
"معقد","neg"
"متعقد","neg"
"مشين","neg"
"اعيل","neg"
"بقر","neg"
"مكسوف","neg"
"اهانه","neg"
"متعصب","neg"
"مستخب","neg"
"ممل","neg"
"مقهور","neg"
"محدود","neg"
"بيعيط","neg"
"سطحي","neg"
"حدق","neg"
"دكتاتور","neg"
"كافر","neg"
"سخيف","neg"
"ضربت","neg"
"منافقيك","neg"
"بقتلو","neg"
"بيقبض","neg"
"مستفذ","neg"
"تهزء","neg"
"بتهيج","neg"
"بيفرق","neg"
"زبانيه","neg"
"غيبو","neg"
"هدر","neg"
"فشلتم","neg"
"بيناضل","neg"
"خرب","neg"
"عطل","neg"
"جثث","neg"
"جبروت","neg"
"سذج","neg"
"قطعتو","neg"
"ممول","neg"
"ميسؤس","neg"
"هتتضرب","neg"
"ميحسش","neg"
"اياكم","neg"
"منعديهوش","neg"
"معدوم","neg"
"غضب","neg"
"متنفذش","neg"
"اشمئزاز","neg"
"زهقو","neg"
"اغتال","neg"
"بيحتل","neg"
"بلهاء","neg"
"غوغاء","neg"
"عبيد","neg"
"تايه","neg"
"متيس","neg"
"جائر","neg"
"متشدد","neg"
"هجايص","neg"
"خزي","neg"
"اعاصير","neg"
"زجت","neg"
"ضعاف","neg"
"صمت","neg"
"احتلت","neg"
"مجوس","neg"
"حرض","neg"
"مشاكل","neg"
"خطير","neg"
"مخمور","neg"
"اقتحام","neg"
"صيع","neg"
"افسدت","neg"
"فسدت","neg"
"اخس","neg"
"هربت","neg"
"بيتشطف","neg"
"بتهاجم","neg"
"بيتهبل","neg"
"بيتجنن","neg"
"بيتعصب","neg"
"مطعون","neg"
"محروم","neg"
"موقوف","neg"
"اصيب","neg"
"مخز","neg"
"ضده","neg"
"زيف","neg"
"ظلام","neg"
"هابط","neg"
"شرس","neg"
"استنزاف","neg"
"رما","neg"
"متحزم","neg"
"مستكرد","neg"
"جمود","neg"
"اتهد","neg"
"بغيظ","neg"
"عجل","neg"
"انفصام","neg"
"بوذ","neg"
"خيخا","neg"
"ساكت","neg"
"سليط","neg"
"كذااب","neg"
"فرعن","neg"
"مجبر","neg"
"فسل","neg"
"ولول","neg"
"مترب","neg"
"خسيس","neg"
"متعاط","neg"
"فشر","neg"
"بيهجص","neg"
"عفن","neg"
"زراط","neg"
"خارب","neg"
"اتعس","neg"
"سحوق","neg"
"متبعبص","neg"
"زبر","neg"
"هينيكك","neg"
"بتتناك","neg"
"طاوعن","neg"
"شرشر","neg"
"فياجرا","neg"
"قذارتك","neg"
"زنزان","neg"
"متجاهل","neg"
"مساطيل","neg"
"اغباء","neg"
"اصمت","neg"
"اهمد","neg"
"شمتان","neg"
"سمومك","neg"
"اخسئ","neg"
"اخرص","neg"
"هاشتمك","neg"
"كستك","neg"
"دياث","neg"
"اتخدعت","neg"
"خرس","neg"
"سحاق","neg"
"شرمط","neg"
"بيقبضوك","neg"
"بهدلتو","neg"
"دزم","neg"
"جحش","neg"
"خرنق","neg"
"راكبك","neg"
"قذزر","neg"
"بشتيمتك","neg"
"ذبال","neg"
"بتاكلك","neg"
"حمرا","neg"
"اتخمد","neg"
"جبابر","neg"
"اوساخ","neg"
"متتعر","neg"
"لوطيا","neg"
"دكه","neg"
"وهل","neg"
"كاتم","neg"
"تنح","neg"
"محاكمتهم","neg"
"بالتظاهر","neg"
"الوحش","neg"
"الفاحش","neg"
"ذنوبي","neg"
"اتهزم","neg"
"اسقط","neg"
"للغيظ","neg"
"التراجع","neg"
"مستفزه","neg"
"بالهنا","neg"
"الشفا","neg"
"مساومه","neg"
"هبله","neg"
"باهزر","neg"
"باتحادنا","neg"
"صعبه","neg"
"النصيبه","neg"
"متخلفه","neg"
"اتهمته","neg"
"هلفطه","neg"
"بغيظكم","neg"
"غلطه","neg"
"وشكاوي","neg"
"اتضربوا","neg"
"اتقتلوا","neg"
"اتفرتك","neg"
"اتسول","neg"
"غلبانه","neg"
"واتهزات","neg"
"متوحش","neg"
"متهوره","neg"
"العيب","neg"
"بهدلتوهم","neg"
"المشوره","neg"
"مسجونين","neg"
"بعيب","neg"
"مشكلته","neg"
"اتدبحت","neg"
"التعذيب","neg"
"التناقض","neg"
"الصراع","neg"
"صامتون","neg"
"مزعلكم","neg"
"فاشخ","neg"
"مكشر","neg"
"عرس","neg"
"بيره","neg"
"طعان","neg"
"صمتا","neg"
"فظيع","neg"
"متحامل","neg"
"عصبى","neg"
"سكير","neg"
"حزين","neg"
"سفهاء","neg"
"معاند","neg"
"سلطوه","neg"
"شبه","neg"
"غلس","neg"
"اسوا","neg"
"منهار","neg"
"غجر","neg"
"متقاعس","neg"
"متشرد","neg"
"زنديق","neg"
"مفجوع","neg"
"أغبيه","neg"
"محترمتش","neg"
"مخنوق","neg"
"مخطىء","neg"
"سفه","neg"
"يصيب","neg"
"مرض","neg"
"طغي","neg"
"يصيع","neg"
"يفتري","neg"
"يعيق","neg"
"بلطج","neg"
"كشر","neg"
"غفل","neg"
"تسول","neg"
"لذع","neg"
"عصف","neg"
"همد","neg"
"يستكرد","neg"
"زعج","neg"
"يتخمد","neg"
"سكر","neg"
"حقر","neg"
"كلمنجي","neg"
"ماسخ","neg"
"طاغيه","neg"
"همجي","neg"
"صهيوني","neg"
"فلول","neg"
"صليبيين","neg"
"وحشيه","neg"
"بالتوفيق","pos"
"الامان","pos"
"سعيد","pos"
"فرحان","pos"
"شريف","pos"
"مسرور","pos"
"محظوظ","pos"
"بهيج","pos"
"مبتهج","pos"
"عبقري","pos"
"هايل","pos"
"كريم","pos"
"طاهر","pos"
"صاف","pos"
"عريق","pos"
"سليم","pos"
"عفيف","pos"
"صحيح","pos"
"برئ","pos"
"هادئ","pos"
"ممتاز","pos"
"منعش","pos"
"دافئ","pos"
"محترم","pos"
"جريء","pos"
"ملعلع","pos"
"مناضل","pos"
"جدع","pos"
"اصيل","pos"
"كويس","pos"
"موضوعي","pos"
"مبدع","pos"
"لذيذ","pos"
"ممتع","pos"
"ذكي","pos"
"قوي","pos"
"متميز","pos"
"رائد","pos"
"جيد","pos"
"هادف","pos"
"عظيم","pos"
"واعي","pos"
"بارع","pos"
"مثقف","pos"
"شهم","pos"
"حلو","pos"
"شجاع","pos"
"عقلاني","pos"
"عقلاء","pos"
"قدوه","pos"
"منطقي","pos"
"متعفف","pos"
"برنس","pos"
"بطل","pos"
"محايد","pos"
"عادل","pos"
"عيد","pos"
"زقطط","pos"
"جمال","pos"
"افرح","pos"
"عدل","pos"
"رخرخ","pos"
"حق","pos"
"قوا","pos"
"امن","pos"
"استقرار","pos"
"حمايه","pos"
"قادر","pos"
"حامي","pos"
"فعال","pos"
"دعم","pos"
"حبه","pos"
"خير","pos"
"صالح","pos"
"عامر","pos"
"سالم","pos"
"افضل","pos"
"صحيه","pos"
"صبر","pos"
"زفه","pos"
"احترم","pos"
"مصون","pos"
"جنات","pos"
"امان","pos"
"انساني","pos"
"حقوقيه","pos"
"مبتخفش","pos"
"ميزه","pos"
"سلم","pos"
"متمكن","pos"
"عدلا","pos"
"جدير","pos"
"رحيم","pos"
"متوكل","pos"
"باحترمك","pos"
"سمعه","pos"
"مخلص","pos"
"محبوب","pos"
"عزه","pos"
"ايجاب","pos"
"اكرم","pos"
"صائب","pos"
"ورع","pos"
"ادب","pos"
"عفه","pos"
"صاحي","pos"
"رحمه","pos"
"محنك","pos"
"رقصن","pos"
"صادق","pos"
"احسان","pos"
"صافي","pos"
"ذوق","pos"
"مؤيد","pos"
"بتزغرط","pos"
"معجبيك","pos"
"فاز","pos"
"طيب","pos"
"مشرف","pos"
"مشوق","pos"
"ابداع","pos"
"خارق","pos"
"محترف","pos"
"معجب","pos"
"مؤدب","pos"
"احترامك","pos"
"منيح","pos"
"صحبه","pos"
"طايقاك","pos"
"انيق","pos"
"متحضر","pos"
"فاضل","pos"
"ظريف","pos"
"حمش","pos"
"ستهم","pos"
"عسل","pos"
"اخلاق","pos"
"كومد","pos"
"عاجبني","pos"
"استاذ","pos"
"عاجبهم","pos"
"مستتره","pos"
"مستنضف","pos"
"مستنضفهم","pos"
"الضحك","pos"
"سعاده","pos"
"مجدع","pos"
"فرحه","pos"
"متدين","pos"
"فرحتي","pos"
"صغننه","pos"
"لطيف","pos"
"مسامحينك","pos"
"بديع","pos"
"بيحترمها","pos"
"حلوين","pos"
"القمر","pos"
"التسامح","pos"
"امين","pos"
"جريئه","pos"
"عاقل","pos"
"اتكسف","pos"
"مطيع","pos"
"بحترمو","pos"
"بتحترم","pos"
"سلامات","pos"
"شامخ","pos"
"ارحمنا","pos"
"ناصر","pos"
"سمسم","pos"
"الذ","pos"
"منصف","pos"
"قمر","pos"
"رائع","pos"
"متعاطف","pos"
"موفق","pos"
"مجتهد","pos"
"متفائل","pos"
"مبهج","pos"
"متفوق","pos"
"نابغ","pos"
"جليل","pos"
"مسلي","pos"
"جميل","pos"
"منقذ","pos"
"متفهم","pos"
"متقن","pos"
"اعجبتني","pos"
"مؤمن","pos"
"جامد","pos"
"مذهل","pos"
"صبور","pos"
"مسالم","pos"
"ممتازه","pos"
"منور","pos"
"نبل","pos"
"شفاء","pos"
"سلام","pos"
"حر","pos"
"مسانده","pos"
"قدرته","pos"
"حل","pos"
"ذهل","pos"
"يؤمن","pos"
"فضل","pos"
"يبدع","pos"
"شجع","pos"
"يبتهج","pos"
"نصف","pos"
"تعفف","pos"
"رحم","pos"
"ميز","pos"
"صلح","pos"
"يصون","pos"
"شمخ","pos"
"ناضل","pos"
"ينقذ","pos"
"شجعان","pos"
"فساد","neg"
"جثه","neg"
"انتحار","neg"
"جثمان","neg"
"الام","neg"
"اغتصاب","neg"
"اونطه","neg"
"مغتصب","neg"
"حش","neg"
"عنف","neg"
"بلطجه","neg"
"احتلال","neg"
"غباء","neg"
"اجرام","neg"
"عك","neg"
"عهر","neg"
"شذوذ","neg"
"زور","neg"
"كارثه","neg"
"احباط","neg"
"خراب","neg"
"عنصري","neg"
"داهيه","neg"
"خازوق","neg"
"جريمه","neg"
"وساخه","neg"
"صراع","neg"
"جدل","neg"
"رعب","neg"
"فجور","neg"
"تفاهه","neg"
"اوسخ","neg"
"اصفخص","neg"
"فضيحه","neg"
"دعاره","neg"
"اباحي","neg"
"استهزاء","neg"
"هلس","neg"
"رذيله","neg"
"اسفاف","neg"
"عره","neg"
"وكسه","neg"
"خره","neg"
"زفت","neg"
"هبل","neg"
"سذاجه","neg"
"كدب","neg"
"هري","neg"
"مهزل","neg"
"بتتحرق","neg"
"اهمال","neg"
"غيظ","neg"
"عناد","neg"
"خداع","neg"
"حرق","neg"
"شك","neg"
"سفاح","neg"
"اغتيال","neg"
"ستحتل","neg"
"دهاء","neg"
"مدمن","neg"
"قنبله","neg"
"ضرب","neg"
"تمويه","neg"
"تقليل","neg"
"صدفه","neg"
"دمر","neg"
"خالف","neg"
"دجال","neg"
"فسق","neg"
"افساد","neg"
"خراف","neg"
"لحس","neg"
"جنائي","neg"
"ملل","neg"
"موت","neg"
"عدائي","neg"
"ارهاب","neg"
"عصابه","neg"
"بتموت","neg"
"غش","neg"
"غضبك","neg"
"بتولع","neg"
"فوقوا","neg"
"بضيع","neg"
"قارف","neg"
"عروه","neg"
"غاضب","neg"
"ضائع","neg"
"رجع","neg"
"علقه","neg"
"هلك","neg"
"تحشيش","neg"
"خربو","neg"
"ذليل","neg"
"عارك","neg"
"عزو","neg"
"اتقي","neg"
"بيهلفط","neg"
"بيهفلت","neg"
"واطي","neg"
"استعمار","neg"
"طمس","neg"
"اباد","neg"
"ملطش","neg"
"فقير","neg"
"بيخطئ","neg"
"استهزائك","neg"
"ماتوا","neg"
"خبتكو","neg"
"بيحذرو","neg"
"حرم","neg"
"باهظ","neg"
"غدر","neg"
"بتتبل","neg"
"هتشتغل","neg"
"قبح","neg"
"عبث","neg"
"هوان","neg"
"استغباء","neg"
"هيجان","neg"
"مفرط","neg"
"رزع","neg"
"اختلاف","neg"
"اتشتم","neg"
"خائف","neg"
"واسطه","neg"
"احقر","neg"
"تقتل","neg"
"حظر","neg"
"خناق","neg"
"شرير","neg"
"استبحس","neg"
"عيب","neg"
"بتتضرب","neg"
"استفزاز","neg"
"غدرا","neg"
"الحاد","neg"
"مساوم","neg"
"رفض","neg"
"استيلاء","neg"
"مغيب","neg"
"اجبار","neg"
"بانجو","neg"
"اضراب","neg"
"قنص","neg"
"متفجر","neg"
"فرم","neg"
"عصيان","neg"
"مخالف","neg"
"سخف","neg"
"اكتئاب","neg"
"اندل","neg"
"اجبن","neg"
"ارزل","neg"
"خادع","neg"
"استحل","neg"
"ضلل","neg"
"احتل","neg"
"ايدز","neg"
"مداعر","neg"
"احبسو","neg"
"اجلد","neg"
"صلبو","neg"
"مهدر","neg"
"اضربو","neg"
"اقصاء","neg"
"فضحتو","neg"
"مقتك","neg"
"سلب","neg"
"سرق","neg"
"مغتاب","neg"
"محال","neg"
"بانكار","neg"
"مصتبح","neg"
"بيلطش","neg"
"سبي","neg"
"قمعك","neg"
"بتجوع","neg"
"جايف","neg"
"مرعب","neg"
"ذعر","neg"
"ديوس","neg"
"قحب","neg"
"اتنيل","neg"
"بجم","neg"
"ازعر","neg"
"حبسجي","neg"
"سهتان","neg"
"استهبل","neg"
"مسروق","neg"
"مابستحماش","neg"
"ابيح","neg"
"بتنجس","neg"
"بنركبك","neg"
"كوابيسك","neg"
"جربوع","neg"
"ارفت","neg"
"هنيكك","neg"
"ازمه","neg"
"سخافه","neg"
"توتر","neg"
"مشكله","neg"
"مراوغة ","neg"
"عجرفة","neg"
"وساخه‬‏  ","neg"
"مصيبه","neg"
"بغض","neg"
"خربوا","neg"
"عاركه","neg"
"كلمانجي","neg"
"انقلاب ","neg"
"اعتراض","neg"
"مندبه","neg"
"هجر","neg"
"عنصريه","neg"
"المهربه","neg"
"الفوضي","neg"
"الانقسام","neg"
"اتلهي","neg"
"عيبًا","neg"
"هدام","neg"
"الفاسد","neg"
"احتجاجيه","neg"
"مشكل","neg"
"مصيب","neg"
"اشمازاز","neg"
"بغضا","neg"
"انقلاب","neg"
"ماساه","neg"
"تناقض","neg"
"مراوغه","neg"
"تشتيت","neg"
"استخفاف","neg"
"تهور","neg"
"هجوم","neg"
"ضيق","neg"
"عسر","neg"
"حرج","neg"
"إجهاض","neg"
"تراشق","neg"
"كلاكيع","neg"
"تدهور","neg"
"تلوث","neg"
"جهنم","neg"
"جراح","neg"
"عجرف","neg"
"اختطاف","neg"
"عسير","neg"
"اشتعال","neg"
"استحواذ","neg"
"استكراد","neg"
"مازق","neg"
"اشتباك","neg"
"محظور","neg"
"ركيك","neg"
"عناء","neg"
"جلاد","neg"
"مشاجره","neg"
"شائع","neg"
"اشتغال","neg"
"زوال","neg"
"معناة","neg"
"رخيص","neg"
"اهدار","neg"
"نفسنه","neg"
"لغو","neg"
"معاناه","neg"
"مظالم","neg"
"شكوي","neg"
"انقطاع","neg"
"عزاء","neg"
"عدوي","neg"
"مغرور","neg"
"مولتوف","neg"
"قرد","neg"
"علق","neg"
"زال","neg"
"يحتل","neg"
"شكك","neg"
"وكس","neg"
"فرط","neg"
"تعسر","neg"
"زعر","neg"
"صلب","neg"
"يدمن","neg"
"لوث","neg"
"جلد","neg"
"صرع","neg"
"شكي","neg"
"فجر","neg"
"خدع","neg"
"دهيه","neg"
"اباحيه","neg"
"حريه","pos"
"عداله","pos"
"كرامه","pos"
"قيمه","pos"
"حيادي","pos"
"اجلال","pos"
"شابوا","pos"
"احترام","pos"
"جدعنه","pos"
"اجمد","pos"
"اجمل","pos"
"اعظم","pos"
"احلي","pos"
"وطني","pos"
"رجوله","pos"
"كفائه","pos"
"اخلاص","pos"
"روعه","pos"
"لياقه","pos"
"كياسه","pos"
"‎هيب","pos"
"خلق","pos"
"بيحب","pos"
"احرار","pos"
"اتطوع","pos"
"قوه","pos"
"نامي","pos"
"شرعي","pos"
"ايمان","pos"
"اقوي","pos"
"اجدع","pos"
"انصر","pos"
"انظف","pos"
"احسن","pos"
"صدقه","pos"
"عزيز","pos"
"صراحه","pos"
"ضمير","pos"
"بر","pos"
"متزن","pos"
"فداء","pos"
"رقيق","pos"
"وسطيه","pos"
"اهم","pos"
"كاريزما","pos"
"حلاوتك","pos"
"متواضع","pos"
"كرم","pos"
"مبسوط","pos"
"شرفت","pos"
"همه","pos"
"سرور","pos"
"شهامه","pos"
"بتحترمك","pos"
"بتحبك","pos"
"مبتسم","pos"
"مضحك","pos"
"مميز","pos"
"صريح","pos"
"انتصار","pos"
"اشجع","pos"
"حبيبك","pos"
"حرا","pos"
"جمالك","pos"
"عروس","pos"
"مجد","pos"
"ثقه","pos"
"تهاني","pos"
"اعتزاز","pos"
"واضح","pos"
"غالي","pos"
"سماحه","pos"
"طهاره","pos"
"هنحل","pos"
"فل","pos"
"حلوتك","pos"
"حاسم","pos"
"سنحاسب","pos"
"اروع","pos"
"اظرف","pos"
"عفو","pos"
"دعابه","pos"
"الحريه","pos"
"المحترفين","pos"
"العداله","pos"
"عجيبني","pos"
"انسب","pos"
"سماح","pos"
"مابيخدش","pos"
"ايجابي","pos"
"اكتساح","pos"
"اقدر","pos"
"نجاح","pos"
"الحياد","pos"
"المجد","pos"
"الامل","pos"
"فرح","pos"
"اعجاب","pos"
"مبروك","pos"
"بهجه","pos"
"حبيبتي","pos"
"حبايب","pos"
"حبيبت","pos"
"شياكه","pos"
"احبب","pos"
"مطمئن","pos"
"لايك","pos"
"كفاءه","pos"
"مؤثر","pos"
"عطاء","pos"
"ابتسام","pos"
"سعاد","pos"
"حبيب","pos"
"مستمتع","pos"
"صاحب","pos"
"صديق","pos"
"افراج","pos"
"فرج","pos"
"امل","pos"
"حياد","pos"
"مفيد","pos"
"ود","pos"
"محبه","pos"
"ملاك","pos"
"يبتسم","pos"
"وضح","pos"
"شرف","pos"
"يفيد","pos"
"بهج","pos"
"عظم","pos"
"الفل","pos"
"حياديه","pos"
"برافو","pos"
"دكر","pos"
"صح","pos"
"بعتذر","pos"
"جدعان","pos"
"الافراج","pos"
"ايمانك","pos"
"العفو","pos"
"بتنجح","pos"
"حلوه","pos"
"الاشراف","pos"
"امانه","pos"
"صالحه","pos"
"بالسلامه","pos"
"ضحكه","pos"
"بركاتك","pos"
"وممتاز","pos"
"ورعه","pos"
"امانته","pos"
"بريئه","pos"
"الابداع","pos"
"الخير","pos"
"التحيه","pos"
"التطهير","pos"
"اختراع","pos"
"السعيد","pos"
"حبيبي","pos"
"حضن","pos"
"بوسه","pos"
"احييك","pos"
"شعبيه","pos"
"بوس","pos"
"يخترع","pos"
"ارحمونا","neg"
"فشخ","neg"
"كسم","neg"
"ضعيف","neg"
"شتم","neg"
"معارضه","neg"
"بيهش","neg"
"هتتاجل","neg"
"فوضي","neg"
"حريق","neg"
"مموه","neg"
"قتل","neg"
"اعترض","neg"
"محصلتش","neg"
"مسموم","neg"
"بيتنطط","neg"
"ابتزاز","neg"
"غلط","neg"
"قمع","neg"
"عيل","neg"
"هتوحشنا","neg"
"خون","neg"
"ظلم","neg"
"استبعاد","neg"
"خلصو","neg"
"بتراجع","neg"
"اعتصم","neg"
"خلع","neg"
"دم","neg"
"هزل","neg"
"موائم","neg"
"خنوع","neg"
"فخفخ","neg"
"قلش","neg"
"حيموت","neg"
"بتستظرف","neg"
"بتقل","neg"
"مبض","neg"
"احلف","neg"
"مانعرفوش","neg"
"محشش","neg"
"بيكذب","neg"
"كذب","neg"
"مقض","neg"
"بتخر","neg"
"خاين","neg"
"مقطف","neg"
"ضايع","neg"
"سجن","neg"
"عاهر","neg"
"غار","neg"
"استعباط","neg"
"خوف","neg"
"ماسوني","neg"
"منافق","neg"
"مغرر","neg"
"معوق","neg"
"سبو","neg"
"مشعوذ","neg"
"جهل","neg"
"انتهازي","neg"
"هيضرب","neg"
"زبيانت","neg"
"اسكت","neg"
"فشل","neg"
"معتقل","neg"
"دمكم","neg"
"حتعتقلو","neg"
"طراطير","neg"
"اتكسرت","neg"
"فتن","neg"
"غرور","neg"
"قصاص","neg"
"قتلو","neg"
"احمر","neg"
"غبي","neg"
"ظالم","neg"
"هزيمه","neg"
"هارب","neg"
"مخلوع","neg"
"برهج","neg"
"افلس","neg"
"حشيشه","neg"
"مندس","neg"
"شماريخ","neg"
"غلبان","neg"
"شتيمه","neg"
"مخرب","neg"
"تجاهل","neg"
"اعتقال","neg"
"تافهه","neg"
"حشيش","neg"
"مرعوب","neg"
"متشيع","neg"
"دموي","neg"
"توليع","neg"
"فاسد","neg"
"مظلوم","neg"
"سلبي","neg"
"سحل","neg"
"ادغال","neg"
"مشبوه","neg"
"فوضوي","neg"
"كاذب","neg"
"تحريض","neg"
"بتخاف","neg"
"بيحرض","neg"
"بيهدد","neg"
"يسب","neg"
"بيستغل","neg"
"خائن","neg"
"كفرو","neg"
"دابه","neg"
"بيكدب","neg"
"فاضي","neg"
"مزاج","neg"
"لعان","neg"
"اغبياء","neg"
"شهوات","neg"
"عويل","neg"
"غباوه","neg"
"تدليس","neg"
"استبداد","neg"
"انتهاز","neg"
"استهبال","neg"
"بهيم","neg"
"مسيء","neg"
"اعمي","neg"
"بجهل","neg"
"تخويف","neg"
"تخوين","neg"
"جشع","neg"
"تخاذل","neg"
"سرقت","neg"
"قلق","neg"
"زعابيب","neg"
"بتخرب","neg"
"شيطان","neg"
"بنكذب","neg"
"زهق","neg"
"بيغلط","neg"
"اكذب","neg"
"مزور","neg"
"اتغمس","neg"
"متستغليش","neg"
"ضال","neg"
"ذل","neg"
"غافل","neg"
"رافص","neg"
"متقطع","neg"
"مهين","neg"
"خايف","neg"
"تلديس","neg"
"متزعلش","neg"
"مهابيل","neg"
"وقاحه","neg"
"ناخب","neg"
"بذاء","neg"
"ملزق","neg"
"محزق","neg"
"غشك","neg"
"ساختك","neg"
"هطل","neg"
"مهمش","neg"
"كادح","neg"
"عذاب","neg"
"قذاره","neg"
"حقاره","neg"
"كفار","neg"
"معاد","neg"
"سخريه","neg"
"اخطائ","neg"
"اخطاء","neg"
"اتلم","neg"
"مسخره","neg"
"اندال","neg"
"متواطئ","neg"
"متخاذل","neg"
"ملعوب","neg"
"خيانه","neg"
"مهزا","neg"
"بهدل","neg"
"محروق","neg"
"اتسحل","neg"
"مرتزق","neg"
"مقلب","neg"
"بتصرخ","neg"
"تلاعب","neg"
"طبطب","neg"
"مخادع","neg"
"كفاك","neg"
"اتبهدل","neg"
"منيل","neg"
"بلاهه","neg"
"اغتصب","neg"
"خوازيق","neg"
"طظ","neg"
"فتوه","neg"
"فجل","neg"
"مشتمش","neg"
"خسه","neg"
"شمام","neg"
"هابل","neg"
"شافط","neg"
"خرسان","neg"
"مصلحج","neg"
"هنفشل","neg"
"اتعرت","neg"
"خمورج","neg"
"محتكر","neg"
"طمع","neg"
"اهطل","neg"
"اشقاء","neg"
"رشوه","neg"
"اقذر","neg"
"انيل","neg"
"مزيف","neg"
"بتهاجمك","neg"
"هيسجنن","neg"
"خونتو","neg"
"بتبجح","neg"
"بنتكلم","neg"
"بسيط","neg"
"بتشتم","neg"
"حماقه","neg"
"اتسحلت","neg"
"اكدب","neg"
"انحدار","neg"
"ارحم","neg"
"جزمه","neg"
"ضلال","neg"
"افتراء","neg"
"مغالط","neg"
"مذبحه","neg"
"زني","neg"
"ساقط","neg"
"ماتو","neg"
"خيسه","neg"
"قتلت","neg"
"كذبت","neg"
"منافقو","neg"
"كاذبو","neg"
"ايهانه","neg"
"خطر","neg"
"جبار","neg"
"حقبه","neg"
"دني","neg"
"كوسه","neg"
"جواسيس","neg"
"متبلطج","neg"
"منفلت","neg"
"هوج","neg"
"رهينه","neg"
"منهوب","neg"
"خاسر","neg"
"مفتت","neg"
"بخبث","neg"
"ملحد","neg"
"فاسق","neg"
"كرباج","neg"
"ضلمه","neg"
"محموق","neg"
"هيمن","neg"
"هموت","neg"
"هطق","neg"
"كراهيه","neg"
"كتاكيتو","neg"
"متكتكتكت","neg"
"كتاتون","neg"
"كتاكيت","neg"
"كتاويت","neg"
"متكوكت","neg"
"موءامر","neg"
"بتناضل","neg"
"امثل","neg"
"اغنام","neg"
"تهزيق","neg"
"ترمادول","neg"
"بهتان","neg"
"خفه","neg"
"ضحل","neg"
"سرقو","neg"
"نسون","neg"
"اضمحلال","neg"
"بتحشش","neg"
"حرب","neg"
"بذيئ","neg"
"خيبه","neg"
"سفاله","neg"
"زاني","neg"
"عري","neg"
"عصبيه","neg"
"انانيتك","neg"
"اباحه","neg"
"خساسه","neg"
"بسب","neg"
"انتهار","neg"
"شماشيرج","neg"
"سفاف","neg"
"عذري","neg"
"اتقتل","neg"
"سفاهه","neg"
"مخطئ","neg"
"فشلت","neg"
"عوض","neg"
"مؤلم","neg"
"افسد","neg"
"هدم","neg"
"كئيب","neg"
"خريس","neg"
"خربت","neg"
"بتشتمو","neg"
"شتمو","neg"
"شوشر","neg"
"فككم","neg"
"بيحشش","neg"
"اخطر","neg"
"مسخ","neg"
"انتهاك","neg"
"عبط","neg"
"ربايه","neg"
"ماتزعليش","neg"
"بغال","neg"
"قبيح","neg"
"زله","neg"
"مقلبظ","neg"
"مابيعرفوش","neg"
"مبكدبوش","neg"
"سب","neg"
"هيضيعو","neg"
"تفتي","neg"
"منكسفهوش","neg"
"تسلط","neg"
"غلظ","neg"
"لص","neg"
"هيخسر","neg"
"سلطانيه","neg"
"سبكو","neg"
"سيس","neg"
"سباب","neg"
"كس","neg"
"انجاس","neg"
"قحاب","neg"
"زنا","neg"
"اغتصبو","neg"
"انجس","neg"
"كسك","neg"
"وهم","neg"
"بتريل","neg"
"بيهرتل","neg"
"بتهرتل","neg"
"زفاره","neg"
"فقك","neg"
"فاضيالكو","neg"
"سبهلل","neg"
"متنيل","neg"
"بلط","neg"
"متهزئ","neg"
"مستغفلا","neg"
"كئابه","neg"
"ضاع","neg"
"هرجل","neg"
"سيئ","neg"
"متهم","neg"
"سحلو","neg"
"محرف","neg"
"هزار","neg"
"حماقتك","neg"
"مكر","neg"
"منتهك","neg"
"تمثيل","neg"
"تزييف","neg"
"بنفضح","neg"
"غلاستك","neg"
"اكره","neg"
"ارف","neg"
"طز","neg"
"غلوش","neg"
"انحدرت","neg"
"حثال","neg"
"شرشح","neg"
"دجل","neg"
"ستفتضح","neg"
"شبشب","neg"
"سيلعن","neg"
"مزايد","neg"
"طعن","neg"
"ضربو","neg"
"رقاص","neg"
"بتوجع","neg"
"احتقر","neg"
"شخ","neg"
"معصوم","neg"
"نجاس","neg"
"تنين","neg"
"موحوح","neg"
"ماتربتيش","neg"
"لطم","neg"
"خرست","neg"
"اختفت","neg"
"بيكاك","neg"
"انضرب","neg"
"انسرق","neg"
"شباشب","neg"
"بيتعاط","neg"
"ذئب","neg"
"مصايب","neg"
"عرص","neg"
"باعو","neg"
"مكتف","neg"
"انكشفت","neg"
"متاجر","neg"
"مضيق","neg"
"اصنام","neg"
"سفاقه","neg"
"شوخير","neg"
"جرح","neg"
"شلبوك","neg"
"خربتو","neg"
"شاخخ","neg"
"هتش","neg"
"بنشتم","neg"
"عفنت","neg"
"رجم","neg"
"كلامنجي","neg"
"غم","neg"
"زندق","neg"
"اتسرقت","neg"
"مطبلاتي","neg"
"تعريص","neg"
"مهاجم","neg"
"كمين","neg"
"لبستو","neg"
"مغشوش","neg"
"مكبوت","neg"
"مزحوم","neg"
"موكوس","neg"
"مفضوح","neg"
"بيطرش","neg"
"جنس","neg"
"سعران","neg"
"متفحش","neg"
"انجرحت","neg"
"فضحت","neg"
"بيشتموك","neg"
"هيسقط","neg"
"عنتري","neg"
"فظ","neg"
"بعبع","neg"
"بنكرهك","neg"
"انحطاط","neg"
"مكروب","neg"
"منفر","neg"
"سوسه","neg"
"صرصار","neg"
"ذباب","neg"
"منحوس","neg"
"فاشيه","neg"
"مجنون","neg"
"طفش","neg"
"طغيان","neg"
"غل","neg"
"عار","neg"
"هتقع","neg"
"اتحنطر","neg"
"كخه","neg"
"متهيج","neg"
"داس","neg"
"خساره","neg"
"قرود","neg"
"خف","neg"
"غبا","neg"
"دبحتن","neg"
"راقص","neg"
"بردعه","neg"
"غوغائ","neg"
"مهزء","neg"
"كسه","neg"
"هيصه","neg"
"باظت","neg"
"وضاعه","neg"
"بتبلطج","neg"
"بسباب","neg"
"هتموت","neg"
"قتال","neg"
"شل","neg"
"بهايم","neg"
"اهانو","neg"
"مدمر","neg"
"انظلم","neg"
"حتضييع","neg"
"ظلمه","neg"
"هلاك","neg"
"لتقتيل","neg"
"غريم","neg"
"مؤخر","neg"
"بتتسرق","neg"
"غرق","neg"
"طرد","neg"
"عصيانك","neg"
"كبت","neg"
"اشتمك","neg"
"مغرض","neg"
"تجريح","neg"
"خبث","neg"
"معاداتك","neg"
"بظلمك","neg"
"سخريتك","neg"
"ساخر","neg"
"فايح","neg"
"غرمان","neg"
"منتحر","neg"
"متضايق","neg"
"جيص","neg"
"شق","neg"
"ابشع","neg"
"شتمتن","neg"
"سوء","neg"
"هذيان","neg"
"زعلت","neg"
"طيش","neg"
"لامثالك","neg"
"سخر","neg"
"اعتباط","neg"
"سوط","neg"
"اضطراب","neg"
"مطوه","neg"
"هشتم","neg"
"هتزعل","neg"
"هيحاسبك","neg"
"شر","neg"
"جبنك","neg"
"مسجون","neg"
"صابتن","neg"
"اراجوز","neg"
"طبال","neg"
"معصيه","neg"
"خيبتك","neg"
"رصاص","neg"
"بزمتك","neg"
"حيدمر","neg"
"متناك","neg"
"بنضرب","neg"
"بتتكسر","neg"
"ولعه","neg"
"اتبهدلت","neg"
"مشاكس","neg"
"جلطه","neg"
"بيشمت","neg"
"خائنو","neg"
"نواح","neg"
"شلل","neg"
"مميت","neg"
"اسفخص","neg"
"هدد","neg"
"حوست","neg"
"قتيل","neg"
"انتقم","neg"
"افضحو","neg"
"بيهرب","neg"
"بتذل","neg"
"متسول","neg"
"ملثم","neg"
"بشتم","neg"
"تسويس","neg"
"هتكرهك","neg"
"فظاظ","neg"
"حقدك","neg"
"سازج","neg"
"كفن","neg"
"مسمم","neg"
"خسرت","neg"
"اعدام","neg"
"مختطف","neg"
"متحول","neg"
"رياله","neg"
"هتعيل","neg"
"مخب","neg"
"ملط","neg"
"شلوط","neg"
"مانموتك","neg"
"انشغال","neg"
"تصفيه","neg"
"بيهيج","neg"
"عدو","neg"
"كماشه","neg"
"مشانق","neg"
"دمع","neg"
"دموع","neg"
"بتهتف","neg"
"سينس","neg"
"حشره","neg"
"صريخ","neg"
"شوهت","neg"
"عياط","neg"
"متسكتش","neg"
"هبوط","neg"
"فلس","neg"
"اتذل","neg"
"مشوه","neg"
"عمي","neg"
"فبرك","neg"
"هتسكتو","neg"
"تفوقوا","neg"
"هتخوفو","neg"
"مزقوك","neg"
"طحن","neg"
"مجزره","neg"
"صفاقه","neg"
"كلااب","neg"
"صامت","neg"
"خطف","neg"
"عصي","neg"
"متحركوش","neg"
"دمار","neg"
"هتتحسب","neg"
"بيضربو","neg"
"كريهنك","neg"
"مكذوب","neg"
"بيخطفو","neg"
"مستحملينك","neg"
"فرت","neg"
"بننتقض","neg"
"بيتنك","neg"
"هتشتم","neg"
"طرقع","neg"
"نحس","neg"
"فخ","neg"
"سارق","neg"
"بجح","neg"
"متكبر","neg"
"بيستهبل","neg"
"هسهس","neg"
"خرافه","neg"
"انتقاض","neg"
"معرس","neg"
"انتهكت","neg"
"رويبض","neg"
"مايل","neg"
"هرتله","neg"
"حقد","neg"
"بيموتو","neg"
"مشموم","neg"
"تلميح","neg"
"تهديد","neg"
"استرخصوك","neg"
"سقوطك","neg"
"شيطن","neg"
"اطرشيت","neg"
"لعن","neg"
"هتك","neg"
"برطوش","neg"
"عيطت","neg"
"فحش","neg"
"هياف","neg"
"عوالم","neg"
"بتتسحل","neg"
"مهانه","neg"
"لتصمت","neg"
"بيهزر","neg"
"سارقو","neg"
"مستسلم","neg"
"هجص","neg"
"طيز","neg"
"اخرس","neg"
"عكش","neg"
"عنوا","neg"
"كيد","neg"
"دماء","neg"
"عتوا","neg"
"كبرا","neg"
"بيحبطن","neg"
"انتقد","neg"
"غفو","neg"
"سنج","neg"
"زعيق","neg"
"اقبح","neg"
"طفح","neg"
"مبول","neg"
"كرهاك","neg"
"مضروب","neg"
"مكروه","neg"
"وسوس","neg"
"متقلب","neg"
"غبائك","neg"
"بطش","neg"
"معتوه","neg"
"بتتشتم","neg"
"رصاصه","neg"
"خاطف","neg"
"مسطول","neg"
"ضدي","neg"
"ارفض","neg"
"احذر","neg"
"احرق","neg"
"عاقب","neg"
"اتهانت","neg"
"اغضب","neg"
"مستحمل","neg"
"منحط","neg"
"هيسموك","neg"
"اتظلم","neg"
"قبض","neg"
"بندمر","neg"
"حيتخلع","neg"
"لحيسقط","neg"
"هيهرب","neg"
"كتفو","neg"
"مكرو","neg"
"اضطهاد","neg"
"احتجاز","neg"
"ادمان","neg"
"مابحبكيش","neg"
"جذم","neg"
"هيتناك","neg"
"مبتحترميش","neg"
"حتتفشخ","neg"
"جاسوس","neg"
"اتفو","neg"
"خرطوش","neg"
"محاصر","neg"
"متاسلم","neg"
"سلط","neg"
"مسلح","neg"
"افاك","neg"
"خان","neg"
"منكر","neg"
"اتهمو","neg"
"استغلال","neg"
"انفصال","neg"
"اصعب","neg"
"اطاح","neg"
"عجز","neg"
"رشاش","neg"
"اسف","neg"
"هيقتل","neg"
"مخيف","neg"
"سواد","neg"
"مؤامر","neg"
"استغل","neg"
"طلق","neg"
"برشم","neg"
"معتد","neg"
"حزمه","neg"
"قهر","neg"
"قسوه","neg"
"استعباد","neg"
"غصب","neg"
"اعدمو","neg"
"قبر","neg"
"مخدر","neg"
"افتعال","neg"
"صراخ","neg"
"زج","neg"
"مولوتوف","neg"
"فقر","neg"
"محكوم","neg"
"اصابه","neg"
"جهيل","neg"
"بدمار","neg"
"افلاس","neg"
"استغفلو","neg"
"حزن","neg"
"همومك","neg"
"منقوص","neg"
"جحيم","neg"
"بيكابر","neg"
"ضياع","neg"
"زغط","neg"
"فضح","neg"
"سفك","neg"
"بينداس","neg"
"اترحل","neg"
"هجم","neg"
"انتقاد","neg"
"عذبت","neg"
"سحلت","neg"
"غمه","neg"
"زلازل","neg"
"زهايمر","neg"
"ذبحو","neg"
"اعذار","neg"
"ضجيج","neg"
"استهتار","neg"
"هتحشر","neg"
"فاقت","neg"
"حيل","neg"
"خوفك","neg"
"ضعفك","neg"
"سم","neg"
"بتهزر","neg"
"صفيق","neg"
"خنازير","neg"
"انفعل","neg"
"رهيب","neg"
"انتش","neg"
"بايظ","neg"
"عذب","neg"
"هنشتم","neg"
"بنعقد","neg"
"سافضح","neg"
"اعتقلهوش","neg"
"مضاد","neg"
"سبها","neg"
"شتمت","neg"
"عذر","neg"
"حجه","neg"
"اخطا","neg"
"مافقناش","neg"
"ماتت","neg"
"اتسجنت","neg"
"اصطناع","neg"
"اتعذبت","neg"
"اجهل","neg"
"بهوس","neg"
"مستميت","neg"
"بينتحل","neg"
"اغبيا","neg"
"بينام","neg"
"زائل","neg"
"لهب","neg"
"لغط","neg"
"مدبر","neg"
"اشاع","neg"
"بتبوظ","neg"
"بغدر","neg"
"مبتعرفش","neg"
"متسكتيش","neg"
"اخن","neg"
"اهاجم","neg"
"مصاب","neg"
"مصطنع","neg"
"مجحود","neg"
"بيتقتل","neg"
"اعتداء","neg"
"خانو","neg"
"جبن","neg"
"هربوا","neg"
"اتسرق","neg"
"زنب","neg"
"ضحاله","neg"
"جحود","neg"
"صايع","neg"
"مجهول","neg"
"ثعلب","neg"
"استظراف","neg"
"بيتريق","neg"
"احتكار","neg"
"بنتعر","neg"
"بنتسحل","neg"
"بنحرق","neg"
"بطئ","neg"
"قابض","neg"
"اكفر","neg"
"جفاء","neg"
"بطاله","neg"
"استنكر","neg"
"اكاذيب","neg"
"بنزيف","neg"
"اتحبس","neg"
"بيتعل","neg"
"مغلوط","neg"
"غباؤ","neg"
"خمر","neg"
"جرف","neg"
"استنطاع","neg"
"خلل","neg"
"مسرطن","neg"
"متفرق","neg"
"محن","neg"
"مقيد","neg"
"معيب","neg"
"حبيس","neg"
"انسحب","neg"
"مطحون","neg"
"بائد","neg"
"ضرر","neg"
"شوم","neg"
"جعان","neg"
"اجهاض","neg"
"سبهم","neg"
"عبوا","neg"
"بتكدب","neg"
"هتخربو","neg"
"اقهرك","neg"
"هاجمو","neg"
"هاجم","neg"
"مستنسخ","neg"
"هيفتش","neg"
"مسبش","neg"
"قبضت","neg"
"شرد","neg"
"جننو","neg"
"بوظ","neg"
"خبيت","neg"
"بتترعبو","neg"
"متطرف","neg"
"غصبا","neg"
"مايصحش","neg"
"هيعبرك","neg"
"بتتهدم","neg"
"بذمتكو","neg"
"باخطائ","neg"
"رعبا","neg"
"كائد","neg"
"اسيادك","neg"
"ازعاج","neg"
"اتحبست","neg"
"متشرمط","neg"
"طخين","neg"
"هربو","neg"
"طاعن","neg"
"بتتشطر","neg"
"منتفع","neg"
"بيحبط","neg"
"قرفو","neg"
"احبطو","neg"
"فاجر","neg"
"قاس","neg"
"انبش","neg"
"متظاهر","neg"
"متخفيش","neg"
"متزعليش","neg"
"هتتقتع","neg"
"حرام","neg"
"بظرميط","neg"
"محبوس","neg"
"ارحل","neg"
"غدار","neg"
"بنخاف","neg"
"ابيتم","neg"
"مرفوض","neg"
"افشل","neg"
"افرم","neg"
"واهم","neg"
"مت","neg"
"سافك","neg"
"اطماع","neg"
"كازب","neg"
"موسخ","neg"
"منايك","neg"
"منيوك","neg"
"احه","neg"
"لئيم","neg"
"جاموس","neg"
"راقاص","neg"
"برسيم","neg"
"روحك","neg"
"عريان","neg"
"حمار","neg"
"حيضيع","neg"
"اشتمو","neg"
"قتلتو","neg"
"موهوم","neg"
"شرموط","neg"
"اتكتم","neg"
"هيسحب","neg"
"كرهناك","neg"
"مقشف","neg"
"هجس","neg"
"معزول","neg"
"مستنقع","neg"
"لواط","neg"
"احيه","neg"
"بتحرض","neg"
"عرا","neg"
"مربكيش","neg"
"احسنلك","neg"
"واطي","neg"
"طيظك","neg"
"اتفقست","neg"
"روحمك","neg"
"مستبيع","neg"
"اسفي","neg"
"حصار","neg"
"فكيك","neg"
"فاشل","neg"
"هتولع","neg"
"رزل","neg"
"غلول","neg"
"عابوك","neg"
"اخرسو","neg"
"كذاب","neg"
"خابور","neg"
"خزوق","neg"
"اتربت","neg"
"كسمك","neg"
"جموس","neg"
"حقود","neg"
"مهبوش","neg"
"امكو","neg"
"خسرناك","neg"
"بحزرك","neg"
"جننتو","neg"
"هييس","neg"
"هننفخك","neg"
"عرقلت","neg"
"كرب","neg"
"منفصم","neg"
"ابوجهل","neg"
"حنضيع","neg"
"بيظبط","neg"
"منحل","neg"
"بيغظ","neg"
"خصارتك","neg"
"كداب","neg"
"غيظك","neg"
"منشق","neg"
"بتضيع","neg"
"بتضايقك","neg"
"بسببك","neg"
"بعيط","neg"
"هنكدب","neg"
"هضيع","neg"
"هتضيع","neg"
"قفانا","neg"
"حازق","neg"
"مهبول","neg"
"هيربيك","neg"
"طماع","neg"
"مانتخ","neg"
"حشاش","neg"
"هيقبضك","neg"
"كاره","neg"
"زفتت","neg"
"قاع","neg"
"رعاع","neg"
"خاطئ","neg"
"فالح","neg"
"فسد","neg"
"خسرتك","neg"
"مسعور","neg"
"ممسح","neg"
"بيقبضو","neg"
"دهاك","neg"
"اعريك","neg"
"اشكالكو","neg"
"بسكاتك","neg"
"لامؤاخذ","neg"
"غلطت","neg"
"اتفشخ","neg"
"بالعافيه ","neg"
"منوم","neg"
"سلبيات","neg"
"اوبئه","neg"
"كدبو","neg"
"شهوه","neg"
"بغباؤه","neg"
"بيشتم ","neg"
"مسيءه","neg"
"تعدي","neg"
"بيض","neg"
"كلاب","neg"
"سازجته","neg"
"اتعروا","neg"
"بلاوي","neg"
"ملاوعه","neg"
" انتقام","neg"
"حسره","neg"
"خزعبلي","neg"
"منخليش","neg"
"عالخيبه","neg"
"بذائه","neg"
"فله","neg"
"طويل","neg"
"لبوه","neg"
"مناخير","neg"
"كرهو ","neg"
"بواختك","neg"
"طوبه","neg"
"برياله","neg"
"بتخون","neg"
"بيتفرج","neg"
"مثلي","neg"
"عبره","neg"
"غبائه","neg"
"طرمخ ","neg"
"متناكه","neg"
"جنايه","neg"
"قاذورات","neg"
"تعريه","neg"
"مدايقه","neg"
"كفايه","neg"
"شطه","neg"
"حذاري","neg"
"اوعوا","neg"
"اوعا","neg"
"خيل","neg"
"دمائه","neg"
"مقاوم","neg"
"بلع","neg"
"افتري","neg"
"اخطاؤه","neg"
"فاتت","neg"
"عشوائيه","neg"
"كحه","neg"
"بجاحه","neg"
"زحمه","neg"
"ايذائه","neg"
"بنعيد","neg"
"غرف","neg"
"مؤامره","neg"
"قباحه","neg"
"كائدين","neg"
"ابالسه","neg"
"قاصي","neg"
"رفسه","neg"
"اكذوبه","neg"
"معلش","neg"
"خراشي","neg"
"احتقرك","neg"
"فكك","neg"
"مستحيل","neg"
"فقعتولها","neg"
"لوح","neg"
"زنبورها","neg"
"طعنًا","neg"
"دعاوي","neg"
"العك","neg"
"جنحه","neg"
"بيردوش","neg"
"الزباله","neg"
"اترمت","neg"
"الحشاش","neg"
"هيرحمنا","neg"
"مخربئه","neg"
"التحريض","neg"
"الفاسدين","neg"
"الاقنعه","neg"
"فسادا","neg"
"العنف","neg"
"بجاحتك","neg"
"شرموطه","neg"
"متظاهرين","neg"
"الطاغيه","neg"
"ضد","neg"
"خطوره","neg"
"محبوسه","neg"
"ومعركتهم","neg"
"بيشتم","neg"
"عجب","neg"
"زهقت","neg"
"بيحبسهم","neg"
"معتقلين","neg"
"المعتقليين","neg"
"ميلزمنيش","neg"
"احتشاد","neg"
"معارضيهم","neg"
"مظلمه","neg"
"العاهرات","neg"
"سلبيتهم","neg"
"عجزهم","neg"
"ازمات","neg"
"كاذبون","neg"
"المعقم","neg"
"مفتريه","neg"
"عنيفه","neg"
"احرمونا","neg"
"بهدله","neg"
"اتحاكم","neg"
"حنخلص","neg"
"استشهد","neg"
"وتحريض","neg"
"معركه","neg"
"وبلاغات","neg"
"المظاهرات","neg"
"خصومهم","neg"
"قتلي","neg"
"ومتظاهرون","neg"
"خسئتم","neg"
"المؤامرات","neg"
"مظاهرة","neg"
"هتوحشونا","neg"
"عافيه","neg"
"فنجري","neg"
"رخاوه","neg"
"قذير","neg"
"كلابا","neg"
"متستغلش","neg"
"اتعري","neg"
"سفله","neg"
"سازجتي","neg"
"عاويل","neg"
"انتقام","neg"
"ملاوع","neg"
"ظلما","neg"
"سايس","neg"
"خزعبل","neg"
"كرهوا","neg"
"كذبا","neg"
"جازم","neg"
"غبائ","neg"
"هتختف","neg"
"لايهمل","neg"
"طرمخ","neg"
"سفاحا","neg"
"تعري","neg"
"اوع","neg"
"كفا","neg"
"انتن","neg"
"مدايق","neg"
"اخطاؤ","neg"
"متهما","neg"
"افتر","neg"
"باخطاء","neg"
"عشوائ","neg"
"ايذائ","neg"
"زحم","neg"
"مؤامرت","neg"
"قباح","neg"
"ابالس","neg"
"قاص","neg"
"غبيي","neg"
"خرار","neg"
"باحتقرك","neg"
"اومك","neg"
"بهاايم","neg"
"فقعتوهال","neg"
"سلطاء","neg"
"حقودي","neg"
"حزومبل","neg"
"طبل","neg"
"مفتر","neg"
"رمم","neg"
"احا","neg"
"ماعندناش","neg"
"اخص","neg"
"خطا","neg"
"ضيع","neg"
"هزا","neg"
"هزأ","neg"
"هزء","neg"
"حشش","neg"
"غرر","neg"
"جبر","neg"
"شوه","neg"
"نهك","neg"
"موه","neg"
"نتش","neg"
"كتف","neg"
"تقل","neg"
"هزق","neg"
"خاف","neg"
"حلف","neg"
"سمم","neg"
"صعب","neg"
"حرف","neg"
"حزر","neg"
"شفط","neg"
"فصل","neg"
"نقض","neg"
"قيد","neg"
"فتت","neg"
"يستغفل","neg"
"لزق","neg"
"رقص","neg"
"باع","neg"
"جلط","neg"
"يزيل","neg"
"رفص","neg"
"رحل","neg"
"هبط","neg"
"يستهتر","neg"
"طاح","neg"
"كفر","neg"
"يستحمل","neg"
"سحب","neg"
"انصار","pos"
"اخوه","pos"
"احباب","pos"
"كوميدي","pos"
"حنان","pos"
"موده","pos"
"عثل","pos"
